,0,1,2,3,4,5,6,Stock
0,Balance Sheet of Astral Limited (in Rs. Cr.),Mar 23,Mar 22,Mar 21,Mar 20,Mar 19,,astrallimited
1,,12 mths,12 mths,12 mths,12 mths,12 mths,,astrallimited
2,EQUITIES AND LIABILITIES,,,,,,,astrallimited
3,SHAREHOLDER'S FUNDS,,,,,,,astrallimited
4,Equity Share Capital,26.90,20.10,20.10,15.10,11.98,,astrallimited
5,Total Share Capital,26.90,20.10,20.10,15.10,11.98,,astrallimited
6,Reserves and Surplus,2681.10,2314.00,1874.00,1485.50,1264.48,,astrallimited
7,Total Reserves and Surplus,2682.30,2315.20,1875.20,1486.70,1265.69,,astrallimited
8,Total Shareholders Funds,2711.20,2336.60,1895.80,1502.90,1277.67,,astrallimited
9,Minority Interest,247.70,27.80,21.20,16.80,15.02,,astrallimited
10,NON-CURRENT LIABILITIES,,,,,,,astrallimited
11,Long Term Borrowings,31.60,32.80,16.80,106.90,163.08,,astrallimited
12,Deferred Tax Liabilities [Net],40.90,40.10,40.10,43.00,53.35,,astrallimited
13,Other Long Term Liabilities,4.90,7.30,7.90,2.10,0.00,,astrallimited
14,Long Term Provisions,3.10,1.70,2.70,2.70,3.09,,astrallimited
15,Total Non-Current Liabilities,80.50,81.90,67.50,154.70,219.52,,astrallimited
16,CURRENT LIABILITIES,,,,,,,astrallimited
17,Short Term Borrowings,45.70,52.30,22.90,20.10,30.38,,astrallimited
18,Trade Payables,800.00,748.40,517.20,475.40,389.73,,astrallimited
19,Other Current Liabilities,485.40,138.40,144.00,115.40,164.04,,astrallimited
20,Short Term Provisions,2.60,1.80,4.20,3.90,2.90,,astrallimited
21,Total Current Liabilities,1333.70,940.90,688.30,614.80,587.05,,astrallimited
22,Total Capital And Liabilities,4373.10,3387.20,2672.80,2289.20,2099.27,,astrallimited
23,ASSETS,,,,,,,astrallimited
24,NON-CURRENT ASSETS,,,,,,,astrallimited
25,Tangible Assets,1456.70,1216.00,1028.00,964.10,809.57,,astrallimited
26,Intangible Assets,181.30,23.30,29.50,35.50,42.10,,astrallimited
27,Capital Work-In-Progress,126.10,123.20,56.60,44.40,80.77,,astrallimited
28,Fixed Assets,1764.10,1362.50,1114.10,1044.00,932.44,,astrallimited
29,Non-Current Investments,0.00,0.00,0.00,0.20,0.15,,astrallimited
30,Deferred Tax Assets [Net],11.00,0.30,0.10,0.10,0.07,,astrallimited
31,Long Term Loans And Advances,0.20,0.10,0.00,7.00,6.87,,astrallimited
32,Other Non-Current Assets,36.10,22.50,32.60,19.60,34.74,,astrallimited
33,Total Non-Current Assets,2123.90,1642.10,1403.80,1326.20,1228.05,,astrallimited
34,CURRENT ASSETS,,,,,,,astrallimited
35,Current Investments,0.00,0.00,0.00,0.00,0.00,,astrallimited
36,Inventories,874.60,733.40,472.10,540.40,395.80,,astrallimited
37,Trade Receivables,354.50,269.10,276.70,227.80,339.09,,astrallimited
38,Cash And Cash Equivalents,682.10,641.80,476.00,130.10,98.14,,astrallimited
39,Short Term Loans And Advances,20.60,0.40,0.30,0.20,0.46,,astrallimited
40,OtherCurrentAssets,317.40,100.40,43.90,64.50,37.74,,astrallimited
41,Total Current Assets,2249.20,1745.10,1269.00,963.00,871.23,,astrallimited
42,Total Assets,4373.10,3387.20,2672.80,2289.20,2099.27,,astrallimited
43,OTHER ADDITIONAL INFORMATION,,,,,,,astrallimited
44,"CONTINGENT LIABILITIES, COMMITMENTS",,,,,,,astrallimited
45,Contingent Liabilities,183.20,213.40,246.40,154.30,214.00,,astrallimited
46,BONUS DETAILS,,,,,,,astrallimited
47,Bonus Equity Share Capital,18.92,12.22,12.22,7.22,4.22,,astrallimited
48,NON-CURRENT INVESTMENTS,,,,,,,astrallimited
49,Non-Current Investments Quoted Market Value,0.00,0.00,0.00,0.00,0.00,,astrallimited
50,Non-Current Investments Unquoted Book Value,0.00,0.00,0.00,0.00,0.00,,astrallimited
51,CURRENT INVESTMENTS,,,,,,,astrallimited
52,Current Investments Quoted Market Value,0.00,0.00,0.00,0.00,0.00,,astrallimited
53,Current Investments Unquoted Book Value,0.00,0.00,0.00,0.00,0.00,,astrallimited
0,Balance Sheet of Aarti Industries (in Rs. Cr.),Mar 23,Mar 22,Mar 21,Mar 20,Mar 19,,aartiindustries
1,,12 mths,12 mths,12 mths,12 mths,12 mths,,aartiindustries
2,EQUITIES AND LIABILITIES,,,,,,,aartiindustries
3,SHAREHOLDER'S FUNDS,,,,,,,aartiindustries
4,Equity Share Capital,181.25,181.25,87.12,87.12,43.33,,aartiindustries
5,Total Share Capital,181.25,181.25,87.12,87.12,43.33,,aartiindustries
6,Reserves and Surplus,4738.81,5733.21,3415.27,2891.14,2586.71,,aartiindustries
7,Total Reserves and Surplus,4738.81,5733.21,3415.78,2891.65,2587.22,,aartiindustries
8,Total Shareholders Funds,4920.06,5914.46,3502.90,2978.77,2630.55,,aartiindustries
9,Minority Interest,0.72,0.72,12.24,94.62,83.95,,aartiindustries
10,NON-CURRENT LIABILITIES,,,,,,,aartiindustries
11,Long Term Borrowings,634.71,930.41,1268.05,580.84,814.80,,aartiindustries
12,Deferred Tax Liabilities [Net],0.00,250.23,233.94,211.01,193.01,,aartiindustries
13,Other Long Term Liabilities,242.07,240.03,224.41,550.89,203.24,,aartiindustries
14,Long Term Provisions,0.00,0.00,0.00,0.00,0.00,,aartiindustries
15,Total Non-Current Liabilities,876.78,1420.67,1726.40,1342.74,1211.05,,aartiindustries
16,CURRENT LIABILITIES,,,,,,,aartiindustries
17,Short Term Borrowings,2239.32,1287.21,1224.07,1229.67,1290.83,,aartiindustries
18,Trade Payables,404.93,490.08,576.33,345.16,279.28,,aartiindustries
19,Other Current Liabilities,109.23,456.62,559.62,301.63,319.64,,aartiindustries
20,Short Term Provisions,29.86,103.04,40.12,39.91,42.42,,aartiindustries
21,Total Current Liabilities,2783.34,2336.95,2400.14,1916.37,1932.17,,aartiindustries
22,Total Capital And Liabilities,8580.90,9672.80,7641.68,6332.50,5857.94,,aartiindustries
23,ASSETS,,,,,,,aartiindustries
24,NON-CURRENT ASSETS,,,,,,,aartiindustries
25,Tangible Assets,4859.48,4417.74,3592.48,2467.57,2145.36,,aartiindustries
26,Intangible Assets,1.47,0.19,0.10,0.50,0.90,,aartiindustries
27,Capital Work-In-Progress,988.98,1490.38,1297.91,1417.64,794.57,,aartiindustries
28,Fixed Assets,5957.17,5908.31,4890.49,3885.71,2940.83,,aartiindustries
29,Non-Current Investments,17.17,73.13,63.52,37.01,33.16,,aartiindustries
30,Deferred Tax Assets [Net],52.78,0.00,0.00,0.00,0.00,,aartiindustries
31,Long Term Loans And Advances,0.00,0.00,0.00,0.00,0.00,,aartiindustries
32,Other Non-Current Assets,94.50,417.66,320.07,404.49,306.43,,aartiindustries
33,Total Non-Current Assets,6121.62,6399.10,5274.08,4327.63,3280.84,,aartiindustries
34,CURRENT ASSETS,,,,,,,aartiindustries
35,Current Investments,0.00,0.00,0.00,0.00,0.00,,aartiindustries
36,Inventories,1031.05,1411.33,935.68,835.68,771.79,,aartiindustries
37,Trade Receivables,940.49,1390.50,793.73,753.44,776.04,,aartiindustries
38,Cash And Cash Equivalents,200.73,256.84,412.32,247.29,804.20,,aartiindustries
39,Short Term Loans And Advances,0.00,0.00,0.00,0.00,0.00,,aartiindustries
40,OtherCurrentAssets,287.01,215.03,225.87,168.46,225.07,,aartiindustries
41,Total Current Assets,2459.28,3273.70,2367.60,2004.87,2577.10,,aartiindustries
42,Total Assets,8580.90,9672.80,7641.68,6332.50,5857.94,,aartiindustries
43,OTHER ADDITIONAL INFORMATION,,,,,,,aartiindustries
44,"CONTINGENT LIABILITIES, COMMITMENTS",,,,,,,aartiindustries
45,Contingent Liabilities,652.82,1008.90,439.02,568.36,406.72,,aartiindustries
46,BONUS DETAILS,,,,,,,aartiindustries
47,Bonus Equity Share Capital,159.21,159.21,72.74,72.74,28.96,,aartiindustries
48,NON-CURRENT INVESTMENTS,,,,,,,aartiindustries
49,Non-Current Investments Quoted Market Value,0.00,0.00,0.00,0.00,0.00,,aartiindustries
50,Non-Current Investments Unquoted Book Value,17.17,73.13,63.52,37.01,33.16,,aartiindustries
51,CURRENT INVESTMENTS,,,,,,,aartiindustries
52,Current Investments Quoted Market Value,0.00,0.00,0.00,0.00,0.00,,aartiindustries
53,Current Investments Unquoted Book Value,0.00,0.00,0.00,0.00,0.00,,aartiindustries
0,Balance Sheet of Balrampur Chini Mills (in Rs. Cr.),Mar 23,Mar 22,Mar 21,Mar 20,Mar 19,,balrampurchinimills
1,,12 mths,12 mths,12 mths,12 mths,12 mths,,balrampurchinimills
2,EQUITIES AND LIABILITIES,,,,,,,balrampurchinimills
3,SHAREHOLDER'S FUNDS,,,,,,,balrampurchinimills
4,Equity Share Capital,20.17,20.40,21.00,22.00,22.84,,balrampurchinimills
5,Total Share Capital,20.17,20.40,21.00,22.00,22.84,,balrampurchinimills
6,Reserves and Surplus,2875.40,2749.31,2598.15,2393.69,2094.95,,balrampurchinimills
7,Total Reserves and Surplus,2875.40,2749.31,2598.15,2393.69,2094.95,,balrampurchinimills
8,Total Shareholders Funds,2895.58,2769.71,2619.15,2415.69,2117.79,,balrampurchinimills
9,Minority Interest,0.00,0.00,0.00,0.00,0.00,,balrampurchinimills
10,NON-CURRENT LIABILITIES,,,,,,,balrampurchinimills
11,Long Term Borrowings,428.75,144.20,243.28,340.26,279.25,,balrampurchinimills
12,Deferred Tax Liabilities [Net],128.15,75.50,64.00,37.81,88.93,,balrampurchinimills
13,Other Long Term Liabilities,0.90,3.14,7.18,14.68,26.39,,balrampurchinimills
14,Long Term Provisions,10.71,9.57,8.21,6.72,5.28,,balrampurchinimills
15,Total Non-Current Liabilities,568.51,232.42,322.66,399.47,399.85,,balrampurchinimills
16,CURRENT LIABILITIES,,,,,,,balrampurchinimills
17,Short Term Borrowings,1449.87,1065.43,891.36,1058.69,1394.66,,balrampurchinimills
18,Trade Payables,351.87,308.29,596.45,677.95,618.50,,balrampurchinimills
19,Other Current Liabilities,155.30,109.34,198.95,234.78,165.64,,balrampurchinimills
20,Short Term Provisions,7.40,6.74,5.36,20.23,5.72,,balrampurchinimills
21,Total Current Liabilities,1964.43,1489.80,1692.12,1991.66,2184.53,,balrampurchinimills
22,Total Capital And Liabilities,5428.52,4491.93,4633.93,4806.83,4702.17,,balrampurchinimills
23,ASSETS,,,,,,,balrampurchinimills
24,NON-CURRENT ASSETS,,,,,,,balrampurchinimills
25,Tangible Assets,2597.90,1632.67,1597.75,1623.16,1420.02,,balrampurchinimills
26,Intangible Assets,0.69,0.97,0.83,0.89,1.54,,balrampurchinimills
27,Capital Work-In-Progress,24.29,204.30,14.48,12.40,45.83,,balrampurchinimills
28,Fixed Assets,2622.88,1837.95,1613.06,1636.44,1467.38,,balrampurchinimills
29,Non-Current Investments,201.35,172.56,249.16,238.74,165.76,,balrampurchinimills
30,Deferred Tax Assets [Net],0.00,0.00,0.00,0.00,0.00,,balrampurchinimills
31,Long Term Loans And Advances,0.00,0.00,0.00,0.00,0.00,,balrampurchinimills
32,Other Non-Current Assets,26.55,104.90,17.34,15.28,85.98,,balrampurchinimills
33,Total Non-Current Assets,2850.78,2115.41,1879.56,1890.46,1719.12,,balrampurchinimills
34,CURRENT ASSETS,,,,,,,balrampurchinimills
35,Current Investments,61.25,0.00,0.00,5.65,0.00,,balrampurchinimills
36,Inventories,2318.92,2200.70,2378.52,2295.10,2316.07,,balrampurchinimills
37,Trade Receivables,124.82,136.72,245.46,239.29,450.03,,balrampurchinimills
38,Cash And Cash Equivalents,11.90,3.28,2.80,4.66,4.93,,balrampurchinimills
39,Short Term Loans And Advances,0.00,0.00,0.00,0.00,0.00,,balrampurchinimills
40,OtherCurrentAssets,60.85,35.82,127.60,371.68,212.02,,balrampurchinimills
41,Total Current Assets,2577.74,2376.52,2754.38,2916.37,2983.05,,balrampurchinimills
42,Total Assets,5428.52,4491.93,4633.93,4806.83,4702.17,,balrampurchinimills
43,OTHER ADDITIONAL INFORMATION,,,,,,,balrampurchinimills
44,"CONTINGENT LIABILITIES, COMMITMENTS",,,,,,,balrampurchinimills
45,Contingent Liabilities,93.04,585.60,27.11,13.01,201.27,,balrampurchinimills
46,BONUS DETAILS,,,,,,,balrampurchinimills
47,Bonus Equity Share Capital,13.28,13.28,13.28,14.28,14.83,,balrampurchinimills
48,NON-CURRENT INVESTMENTS,,,,,,,balrampurchinimills
49,Non-Current Investments Quoted Market Value,0.00,0.00,0.00,0.00,0.00,,balrampurchinimills
50,Non-Current Investments Unquoted Book Value,0.00,0.00,0.00,0.00,22.65,,balrampurchinimills
51,CURRENT INVESTMENTS,,,,,,,balrampurchinimills
52,Current Investments Quoted Market Value,0.00,0.00,0.00,0.00,0.00,,balrampurchinimills
53,Current Investments Unquoted Book Value,0.00,0.00,0.00,0.00,0.00,,balrampurchinimills
0,Balance Sheet of Bharti Airtel (in Rs. Cr.),Mar 23,Mar 22,Mar 21,Mar 20,Mar 19,,bhartiairtel
1,,12 mths,12 mths,12 mths,12 mths,12 mths,,bhartiairtel
2,EQUITIES AND LIABILITIES,,,,,,,bhartiairtel
3,SHAREHOLDER'S FUNDS,,,,,,,bhartiairtel
4,Equity Share Capital,2836.60,2795.00,2746.00,2727.80,1998.70,,bhartiairtel
5,Total Share Capital,2836.60,2795.00,2746.00,2727.80,1998.70,,bhartiairtel
6,Reserves and Surplus,87783.40,63759.30,56206.70,74417.00,69423.50,,bhartiairtel
7,Total Reserves and Surplus,87783.40,63759.30,56206.70,74417.00,69423.50,,bhartiairtel
8,Total Shareholders Funds,90794.80,66554.30,58952.70,77144.80,71422.20,,bhartiairtel
9,Minority Interest,28881.40,25380.70,22273.90,24984.70,13525.80,,bhartiairtel
10,NON-CURRENT LIABILITIES,,,,,,,bhartiairtel
11,Long Term Borrowings,151568.60,113535.00,110560.30,91079.20,82490.10,,bhartiairtel
12,Deferred Tax Liabilities [Net],2076.20,2448.80,1610.70,1687.70,1129.70,,bhartiairtel
13,Other Long Term Liabilities,64105.90,41247.30,40492.30,33640.20,12892.50,,bhartiairtel
14,Long Term Provisions,474.40,463.90,502.00,754.80,682.30,,bhartiairtel
15,Total Non-Current Liabilities,218225.10,157695.00,153165.30,127161.90,97194.60,,bhartiairtel
16,CURRENT LIABILITIES,,,,,,,bhartiairtel
17,Short Term Borrowings,13976.20,19379.50,19229.60,26539.80,38182.90,,bhartiairtel
18,Trade Payables,32894.60,29274.10,27872.10,25019.90,26313.80,,bhartiairtel
19,Other Current Liabilities,49363.80,41027.50,41018.20,34818.60,27846.60,,bhartiairtel
20,Short Term Provisions,25729.20,24344.90,23516.00,45109.30,670.10,,bhartiairtel
21,Total Current Liabilities,121963.80,114026.00,111635.90,131487.60,93013.40,,bhartiairtel
22,Total Capital And Liabilities,446633.20,363656.00,346027.80,360779.00,275156.00,,bhartiairtel
23,ASSETS,,,,,,,bhartiairtel
24,NON-CURRENT ASSETS,,,,,,,bhartiairtel
25,Tangible Assets,149870.70,122801.10,114616.30,113662.20,81522.80,,bhartiairtel
26,Intangible Assets,93749.00,87450.90,75956.90,80974.10,86052.50,,bhartiairtel
27,Capital Work-In-Progress,11029.30,4238.60,4366.50,3997.20,8843.30,,bhartiairtel
28,Fixed Assets,293045.10,216206.70,196299.70,198918.60,177209.50,,bhartiairtel
29,Non-Current Investments,28249.40,28487.70,23472.30,11708.60,11087.80,,bhartiairtel
30,Deferred Tax Assets [Net],18951.90,19925.00,20086.40,27016.00,8937.90,,bhartiairtel
31,Long Term Loans And Advances,0.00,0.00,715.40,872.80,1645.20,,bhartiairtel
32,Other Non-Current Assets,15111.40,13177.40,17794.70,11000.60,10155.20,,bhartiairtel
33,Total Non-Current Assets,389131.90,311628.10,291274.90,284135.80,242291.80,,bhartiairtel
34,CURRENT ASSETS,,,,,,,bhartiairtel
35,Current Investments,4704.50,861.40,4078.10,13767.90,4623.20,,bhartiairtel
36,Inventories,257.60,375.00,266.00,156.90,88.40,,bhartiairtel
37,Trade Receivables,3981.50,4056.20,3637.70,4605.80,4300.60,,bhartiairtel
38,Cash And Cash Equivalents,13418.60,13494.30,13466.10,15892.70,8064.00,,bhartiairtel
39,Short Term Loans And Advances,0.00,0.00,0.00,0.00,0.00,,bhartiairtel
40,OtherCurrentAssets,35139.10,33241.00,33305.00,42219.90,15788.00,,bhartiairtel
41,Total Current Assets,57501.30,52027.90,54752.90,76643.20,32864.20,,bhartiairtel
42,Total Assets,446633.20,363656.00,346027.80,360779.00,275156.00,,bhartiairtel
43,OTHER ADDITIONAL INFORMATION,,,,,,,bhartiairtel
44,"CONTINGENT LIABILITIES, COMMITMENTS",,,,,,,bhartiairtel
45,Contingent Liabilities,41262.40,28283.50,35592.00,35221.90,36951.60,,bhartiairtel
46,BONUS DETAILS,,,,,,,bhartiairtel
47,Bonus Equity Share Capital,1566.39,1566.39,1566.39,1566.39,1566.39,,bhartiairtel
48,NON-CURRENT INVESTMENTS,,,,,,,bhartiairtel
49,Non-Current Investments Quoted Market Value,0.00,0.00,10.30,1700.20,1842.40,,bhartiairtel
50,Non-Current Investments Unquoted Book Value,0.00,0.00,27.40,327.60,351.70,,bhartiairtel
51,CURRENT INVESTMENTS,,,,,,,bhartiairtel
52,Current Investments Quoted Market Value,4704.50,861.40,4078.10,13767.90,4623.20,,bhartiairtel
53,Current Investments Unquoted Book Value,0.00,0.00,0.00,0.00,0.00,,bhartiairtel
0,Balance Sheet of Bharat Heavy Electricals (in Rs. Cr.),Mar 23,Mar 22,Mar 21,Mar 20,Mar 19,,bharatheavyelectricals
1,,12 mths,12 mths,12 mths,12 mths,12 mths,,bharatheavyelectricals
2,EQUITIES AND LIABILITIES,,,,,,,bharatheavyelectricals
3,SHAREHOLDER'S FUNDS,,,,,,,bharatheavyelectricals
4,Equity Share Capital,696.41,696.41,696.41,696.41,696.41,,bharatheavyelectricals
5,Total Share Capital,696.41,696.41,696.41,696.41,696.41,,bharatheavyelectricals
6,Reserves and Surplus,26131.62,25810.19,25287.25,27964.31,30207.93,,bharatheavyelectricals
7,Total Reserves and Surplus,26131.62,25810.19,25287.25,27964.31,30207.93,,bharatheavyelectricals
8,Total Shareholders Funds,26828.03,26506.60,25983.66,28660.72,30904.34,,bharatheavyelectricals
9,Minority Interest,0.00,0.00,-11.66,-9.07,-6.73,,bharatheavyelectricals
10,NON-CURRENT LIABILITIES,,,,,,,bharatheavyelectricals
11,Long Term Borrowings,0.00,0.00,0.00,0.00,95.45,,bharatheavyelectricals
12,Deferred Tax Liabilities [Net],0.00,0.00,0.00,0.00,0.00,,bharatheavyelectricals
13,Other Long Term Liabilities,5089.29,4594.80,4982.75,4263.27,4410.04,,bharatheavyelectricals
14,Long Term Provisions,4101.02,3771.21,3925.56,4225.16,5476.03,,bharatheavyelectricals
15,Total Non-Current Liabilities,9190.31,8366.01,8908.31,8488.43,9981.52,,bharatheavyelectricals
16,CURRENT LIABILITIES,,,,,,,bharatheavyelectricals
17,Short Term Borrowings,5385.00,4745.00,4849.28,4947.92,2444.57,,bharatheavyelectricals
18,Trade Payables,9895.83,7749.59,6683.51,8829.16,11380.98,,bharatheavyelectricals
19,Other Current Liabilities,5273.98,5809.86,5658.59,5745.64,6740.66,,bharatheavyelectricals
20,Short Term Provisions,2796.64,3066.70,3168.52,3085.76,2488.97,,bharatheavyelectricals
21,Total Current Liabilities,23351.45,21371.15,20359.90,22608.48,23055.18,,bharatheavyelectricals
22,Total Capital And Liabilities,59369.79,56243.76,55240.21,59748.56,63934.31,,bharatheavyelectricals
23,ASSETS,,,,,,,bharatheavyelectricals
24,NON-CURRENT ASSETS,,,,,,,bharatheavyelectricals
25,Tangible Assets,2408.74,2336.34,2428.98,2738.51,2887.39,,bharatheavyelectricals
26,Intangible Assets,67.24,62.12,62.16,78.61,83.07,,bharatheavyelectricals
27,Capital Work-In-Progress,344.59,422.32,403.21,306.74,223.21,,bharatheavyelectricals
28,Fixed Assets,2829.83,2829.44,2910.70,3131.12,3205.90,,bharatheavyelectricals
29,Non-Current Investments,235.42,205.15,185.34,162.06,152.36,,bharatheavyelectricals
30,Deferred Tax Assets [Net],3422.62,3530.08,3671.24,2765.87,3505.45,,bharatheavyelectricals
31,Long Term Loans And Advances,0.00,0.00,97.39,83.17,82.82,,bharatheavyelectricals
32,Other Non-Current Assets,22799.64,21817.11,20032.18,20895.16,18606.87,,bharatheavyelectricals
33,Total Non-Current Assets,29287.51,28381.78,26896.85,27037.38,25553.40,,bharatheavyelectricals
34,CURRENT ASSETS,,,,,,,bharatheavyelectricals
35,Current Investments,0.00,0.00,0.00,0.00,0.00,,bharatheavyelectricals
36,Inventories,6755.90,6560.21,7194.45,8908.23,7800.04,,bharatheavyelectricals
37,Trade Receivables,3128.35,3024.75,4035.07,7108.60,11863.14,,bharatheavyelectricals
38,Cash And Cash Equivalents,6642.58,7153.69,6701.45,6418.59,7503.54,,bharatheavyelectricals
39,Short Term Loans And Advances,0.00,0.00,0.00,0.00,157.71,,bharatheavyelectricals
40,OtherCurrentAssets,13555.45,11123.33,10412.39,10275.76,11056.48,,bharatheavyelectricals
41,Total Current Assets,30082.28,27861.98,28343.36,32711.18,38380.91,,bharatheavyelectricals
42,Total Assets,59369.79,56243.76,55240.21,59748.56,63934.31,,bharatheavyelectricals
43,OTHER ADDITIONAL INFORMATION,,,,,,,bharatheavyelectricals
44,"CONTINGENT LIABILITIES, COMMITMENTS",,,,,,,bharatheavyelectricals
45,Contingent Liabilities,7661.56,7022.46,6324.64,8444.19,7759.43,,bharatheavyelectricals
46,BONUS DETAILS,,,,,,,bharatheavyelectricals
47,Bonus Equity Share Capital,464.27,464.27,464.27,464.27,464.27,,bharatheavyelectricals
48,NON-CURRENT INVESTMENTS,,,,,,,bharatheavyelectricals
49,Non-Current Investments Quoted Market Value,0.00,0.00,0.00,0.00,0.00,,bharatheavyelectricals
50,Non-Current Investments Unquoted Book Value,3.13,3.29,3.58,3.09,2.94,,bharatheavyelectricals
51,CURRENT INVESTMENTS,,,,,,,bharatheavyelectricals
52,Current Investments Quoted Market Value,0.00,0.00,0.00,0.00,0.00,,bharatheavyelectricals
53,Current Investments Unquoted Book Value,0.00,0.00,0.00,0.00,0.00,,bharatheavyelectricals
0,Balance Sheet of Britannia Industries (in Rs. Cr.),Mar 23,Mar 22,Mar 21,Mar 20,Mar 19,,britanniaindustries
1,,12 mths,12 mths,12 mths,12 mths,12 mths,,britanniaindustries
2,EQUITIES AND LIABILITIES,,,,,,,britanniaindustries
3,SHAREHOLDER'S FUNDS,,,,,,,britanniaindustries
4,Equity Share Capital,24.09,24.09,24.09,24.05,24.03,,britanniaindustries
5,Total Share Capital,24.09,24.09,24.09,24.05,24.03,,britanniaindustries
6,Reserves and Surplus,3510.18,2534.01,3495.47,4344.37,4209.29,,britanniaindustries
7,Total Reserves and Surplus,3510.18,2534.01,3495.47,4344.37,4209.29,,britanniaindustries
8,Total Shareholders Funds,3534.27,2558.10,3547.66,4402.83,4253.25,,britanniaindustries
9,Minority Interest,30.23,27.50,36.34,35.65,32.68,,britanniaindustries
10,NON-CURRENT LIABILITIES,,,,,,,britanniaindustries
11,Long Term Borrowings,1551.80,706.99,747.75,766.06,61.92,,britanniaindustries
12,Deferred Tax Liabilities [Net],1.87,0.81,8.69,12.69,3.87,,britanniaindustries
13,Other Long Term Liabilities,74.51,66.40,54.07,46.54,27.24,,britanniaindustries
14,Long Term Provisions,25.64,0.00,0.00,0.00,11.45,,britanniaindustries
15,Total Non-Current Liabilities,1653.82,774.20,810.51,825.29,104.48,,britanniaindustries
16,CURRENT LIABILITIES,,,,,,,britanniaindustries
17,Short Term Borrowings,1428.71,1758.55,1339.42,747.99,76.10,,britanniaindustries
18,Trade Payables,1448.81,1285.22,1314.75,1047.00,1140.51,,britanniaindustries
19,Other Current Liabilities,743.49,626.85,572.63,509.77,438.29,,britanniaindustries
20,Short Term Provisions,513.39,485.11,387.47,273.70,196.51,,britanniaindustries
21,Total Current Liabilities,4134.40,4155.73,3614.27,2578.46,1851.41,,britanniaindustries
22,Total Capital And Liabilities,9352.72,7515.53,8008.78,7842.23,6241.82,,britanniaindustries
23,ASSETS,,,,,,,britanniaindustries
24,NON-CURRENT ASSETS,,,,,,,britanniaindustries
25,Tangible Assets,2512.82,1598.00,1648.51,1730.84,1550.31,,britanniaindustries
26,Intangible Assets,14.24,15.60,8.54,8.37,7.62,,britanniaindustries
27,Capital Work-In-Progress,105.00,535.68,116.52,39.55,101.24,,britanniaindustries
28,Fixed Assets,2632.06,2149.28,1773.57,1778.76,1659.17,,britanniaindustries
29,Non-Current Investments,1523.25,928.64,1387.44,1884.46,726.40,,britanniaindustries
30,Deferred Tax Assets [Net],43.64,44.93,9.66,19.56,13.75,,britanniaindustries
31,Long Term Loans And Advances,150.00,100.00,74.58,202.95,19.02,,britanniaindustries
32,Other Non-Current Assets,129.38,182.65,207.95,142.56,166.77,,britanniaindustries
33,Total Non-Current Assets,4606.49,3545.11,3589.10,4167.26,2715.48,,britanniaindustries
34,CURRENT ASSETS,,,,,,,britanniaindustries
35,Current Investments,1800.99,833.73,1393.25,1008.77,749.88,,britanniaindustries
36,Inventories,1193.26,1367.49,1091.49,740.96,781.38,,britanniaindustries
37,Trade Receivables,328.94,331.93,257.27,320.36,394.24,,britanniaindustries
38,Cash And Cash Equivalents,197.98,184.90,211.34,122.85,109.82,,britanniaindustries
39,Short Term Loans And Advances,560.00,698.00,946.56,1110.11,1203.92,,britanniaindustries
40,OtherCurrentAssets,665.06,554.37,519.77,371.92,287.10,,britanniaindustries
41,Total Current Assets,4746.23,3970.42,4419.68,3674.97,3526.34,,britanniaindustries
42,Total Assets,9352.72,7515.53,8008.78,7842.23,6241.82,,britanniaindustries
43,OTHER ADDITIONAL INFORMATION,,,,,,,britanniaindustries
44,"CONTINGENT LIABILITIES, COMMITMENTS",,,,,,,britanniaindustries
45,Contingent Liabilities,450.31,625.21,584.33,277.65,287.84,,britanniaindustries
46,BONUS DETAILS,,,,,,,britanniaindustries
47,Bonus Equity Share Capital,21.94,21.94,21.94,21.94,21.94,,britanniaindustries
48,NON-CURRENT INVESTMENTS,,,,,,,britanniaindustries
49,Non-Current Investments Quoted Market Value,0.00,0.00,0.00,0.00,0.00,,britanniaindustries
50,Non-Current Investments Unquoted Book Value,1028.09,926.55,1385.15,1882.98,725.36,,britanniaindustries
51,CURRENT INVESTMENTS,,,,,,,britanniaindustries
52,Current Investments Quoted Market Value,0.00,0.00,0.00,0.00,0.00,,britanniaindustries
53,Current Investments Unquoted Book Value,1800.99,833.73,1393.25,1008.77,749.88,,britanniaindustries
0,Balance Sheet of Birlasoft (in Rs. Cr.),Mar 23,Mar 22,Mar 21,Mar 20,Mar 19,,birlasoft
1,,12 mths,12 mths,12 mths,12 mths,12 mths,,birlasoft
2,EQUITIES AND LIABILITIES,,,,,,,birlasoft
3,SHAREHOLDER'S FUNDS,,,,,,,birlasoft
4,Equity Share Capital,54.97,55.90,55.46,55.34,54.83,,birlasoft
5,Total Share Capital,54.97,55.90,55.46,55.34,54.83,,birlasoft
6,Reserves and Surplus,2393.32,2527.15,2124.43,1837.08,1658.72,,birlasoft
7,Total Reserves and Surplus,2393.32,2527.15,2124.43,1837.08,1658.72,,birlasoft
8,Total Shareholders Funds,2448.29,2583.05,2179.88,1892.42,1713.55,,birlasoft
9,Minority Interest,0.00,0.00,0.00,0.00,0.00,,birlasoft
10,NON-CURRENT LIABILITIES,,,,,,,birlasoft
11,Long Term Borrowings,0.00,0.00,0.00,0.00,0.00,,birlasoft
12,Deferred Tax Liabilities [Net],0.00,0.00,0.00,0.00,0.00,,birlasoft
13,Other Long Term Liabilities,66.21,91.16,99.88,113.97,5.88,,birlasoft
14,Long Term Provisions,48.74,49.24,80.28,69.53,63.74,,birlasoft
15,Total Non-Current Liabilities,114.95,140.40,180.16,183.50,69.62,,birlasoft
16,CURRENT LIABILITIES,,,,,,,birlasoft
17,Short Term Borrowings,0.00,0.00,0.00,0.00,38.12,,birlasoft
18,Trade Payables,231.28,209.51,131.76,190.37,214.83,,birlasoft
19,Other Current Liabilities,328.85,410.76,478.88,401.56,444.08,,birlasoft
20,Short Term Provisions,63.90,39.63,23.72,19.47,17.40,,birlasoft
21,Total Current Liabilities,624.02,659.89,634.35,611.41,714.42,,birlasoft
22,Total Capital And Liabilities,3187.27,3383.34,2994.44,2687.33,2497.58,,birlasoft
23,ASSETS,,,,,,,birlasoft
24,NON-CURRENT ASSETS,,,,,,,birlasoft
25,Tangible Assets,232.53,258.42,240.01,280.02,144.43,,birlasoft
26,Intangible Assets,13.79,9.36,10.51,16.82,21.76,,birlasoft
27,Capital Work-In-Progress,6.50,1.70,6.55,2.35,0.00,,birlasoft
28,Fixed Assets,252.82,270.61,257.07,299.19,166.18,,birlasoft
29,Non-Current Investments,74.11,54.07,0.00,0.00,0.00,,birlasoft
30,Deferred Tax Assets [Net],117.08,92.01,88.20,120.01,143.26,,birlasoft
31,Long Term Loans And Advances,0.00,0.00,14.39,14.74,10.03,,birlasoft
32,Other Non-Current Assets,83.92,76.58,81.87,110.79,82.69,,birlasoft
33,Total Non-Current Assets,1017.50,950.04,889.16,998.88,824.08,,birlasoft
34,CURRENT ASSETS,,,,,,,birlasoft
35,Current Investments,489.03,786.12,55.32,33.00,190.90,,birlasoft
36,Inventories,0.00,0.00,0.00,0.00,0.00,,birlasoft
37,Trade Receivables,907.12,848.77,518.23,740.19,710.75,,birlasoft
38,Cash And Cash Equivalents,553.49,382.78,1043.00,630.11,377.16,,birlasoft
39,Short Term Loans And Advances,0.00,0.00,3.46,2.14,4.83,,birlasoft
40,OtherCurrentAssets,220.14,415.64,485.29,283.02,389.87,,birlasoft
41,Total Current Assets,2169.77,2433.30,2105.29,1688.45,1673.50,,birlasoft
42,Total Assets,3187.27,3383.34,2994.44,2687.33,2497.58,,birlasoft
43,OTHER ADDITIONAL INFORMATION,,,,,,,birlasoft
44,"CONTINGENT LIABILITIES, COMMITMENTS",,,,,,,birlasoft
45,Contingent Liabilities,0.00,0.00,165.71,161.10,162.17,,birlasoft
46,BONUS DETAILS,,,,,,,birlasoft
47,Bonus Equity Share Capital,25.24,25.24,25.24,25.24,25.24,,birlasoft
48,NON-CURRENT INVESTMENTS,,,,,,,birlasoft
49,Non-Current Investments Quoted Market Value,0.00,0.00,0.00,0.00,0.00,,birlasoft
50,Non-Current Investments Unquoted Book Value,0.00,0.00,0.00,0.00,0.00,,birlasoft
51,CURRENT INVESTMENTS,,,,,,,birlasoft
52,Current Investments Quoted Market Value,0.00,0.00,0.00,0.00,190.90,,birlasoft
53,Current Investments Unquoted Book Value,0.00,0.00,0.00,0.00,0.00,,birlasoft
0,Balance Sheet of Chambal Fertilisers and Chemicals (in Rs. Cr.),Mar 23,Mar 22,Mar 21,Mar 20,Mar 19,,chambalfertiliserschemicals
1,,12 mths,12 mths,12 mths,12 mths,12 mths,,chambalfertiliserschemicals
2,EQUITIES AND LIABILITIES,,,,,,,chambalfertiliserschemicals
3,SHAREHOLDER'S FUNDS,,,,,,,chambalfertiliserschemicals
4,Equity Share Capital,416.21,416.21,416.21,416.21,416.21,,chambalfertiliserschemicals
5,Total Share Capital,495.36,489.22,486.63,416.21,416.21,,chambalfertiliserschemicals
6,Reserves and Surplus,6649.26,5980.73,4829.94,3120.44,2464.40,,chambalfertiliserschemicals
7,Total Reserves and Surplus,6649.26,5980.73,4829.94,3120.44,2464.40,,chambalfertiliserschemicals
8,Total Shareholders Funds,7147.26,6472.59,5319.21,3539.30,2883.24,,chambalfertiliserschemicals
9,Minority Interest,-15.19,-13.49,-13.04,-108.22,-97.98,,chambalfertiliserschemicals
10,NON-CURRENT LIABILITIES,,,,,,,chambalfertiliserschemicals
11,Long Term Borrowings,1741.26,2398.23,3076.39,4392.03,4414.25,,chambalfertiliserschemicals
12,Deferred Tax Liabilities [Net],704.30,603.07,308.91,0.00,190.53,,chambalfertiliserschemicals
13,Other Long Term Liabilities,21.66,11.80,15.80,19.78,3.43,,chambalfertiliserschemicals
14,Long Term Provisions,18.64,15.00,13.93,11.56,7.35,,chambalfertiliserschemicals
15,Total Non-Current Liabilities,2485.86,3028.10,3415.03,4423.37,4615.55,,chambalfertiliserschemicals
16,CURRENT LIABILITIES,,,,,,,chambalfertiliserschemicals
17,Short Term Borrowings,1514.86,1851.85,771.60,4994.16,4279.54,,chambalfertiliserschemicals
18,Trade Payables,1211.54,1499.83,389.04,541.50,988.17,,chambalfertiliserschemicals
19,Other Current Liabilities,389.33,415.61,325.35,1105.24,1223.89,,chambalfertiliserschemicals
20,Short Term Provisions,36.41,34.51,39.50,37.32,33.87,,chambalfertiliserschemicals
21,Total Current Liabilities,3152.14,3801.80,1525.49,6678.22,6525.46,,chambalfertiliserschemicals
22,Total Capital And Liabilities,12770.07,13289.00,10246.69,14532.67,13926.27,,chambalfertiliserschemicals
23,ASSETS,,,,,,,chambalfertiliserschemicals
24,NON-CURRENT ASSETS,,,,,,,chambalfertiliserschemicals
25,Tangible Assets,6261.01,6355.73,6478.25,6699.02,6844.66,,chambalfertiliserschemicals
26,Intangible Assets,1.38,1.94,1.59,2.01,24.37,,chambalfertiliserschemicals
27,Capital Work-In-Progress,101.63,156.56,160.52,84.99,108.64,,chambalfertiliserschemicals
28,Fixed Assets,6365.01,6514.57,6640.63,6786.02,6990.45,,chambalfertiliserschemicals
29,Non-Current Investments,539.79,559.19,298.33,217.16,275.70,,chambalfertiliserschemicals
30,Deferred Tax Assets [Net],0.00,0.00,0.00,37.55,1.15,,chambalfertiliserschemicals
31,Long Term Loans And Advances,0.16,0.24,0.37,0.47,0.67,,chambalfertiliserschemicals
32,Other Non-Current Assets,226.37,139.64,159.80,166.28,116.94,,chambalfertiliserschemicals
33,Total Non-Current Assets,7131.33,7213.64,7099.13,7207.48,7421.06,,chambalfertiliserschemicals
34,CURRENT ASSETS,,,,,,,chambalfertiliserschemicals
35,Current Investments,1837.30,0.00,0.00,0.00,24.50,,chambalfertiliserschemicals
36,Inventories,1373.83,3123.21,789.14,1135.60,1323.15,,chambalfertiliserschemicals
37,Trade Receivables,1760.48,2151.30,1174.59,5563.11,4827.41,,chambalfertiliserschemicals
38,Cash And Cash Equivalents,57.63,554.14,907.40,167.53,81.08,,chambalfertiliserschemicals
39,Short Term Loans And Advances,0.05,0.06,0.10,0.12,0.20,,chambalfertiliserschemicals
40,OtherCurrentAssets,609.45,246.65,276.33,458.83,248.88,,chambalfertiliserschemicals
41,Total Current Assets,5638.74,6075.36,3147.56,7325.19,6505.21,,chambalfertiliserschemicals
42,Total Assets,12770.07,13289.00,10246.69,14532.67,13926.27,,chambalfertiliserschemicals
43,OTHER ADDITIONAL INFORMATION,,,,,,,chambalfertiliserschemicals
44,"CONTINGENT LIABILITIES, COMMITMENTS",,,,,,,chambalfertiliserschemicals
45,Contingent Liabilities,367.32,188.72,320.46,305.03,70.11,,chambalfertiliserschemicals
46,BONUS DETAILS,,,,,,,chambalfertiliserschemicals
47,Bonus Equity Share Capital,0.00,0.00,0.00,0.00,0.00,,chambalfertiliserschemicals
48,NON-CURRENT INVESTMENTS,,,,,,,chambalfertiliserschemicals
49,Non-Current Investments Quoted Market Value,0.00,0.00,0.00,0.00,0.00,,chambalfertiliserschemicals
50,Non-Current Investments Unquoted Book Value,0.02,0.02,0.02,0.02,0.02,,chambalfertiliserschemicals
51,CURRENT INVESTMENTS,,,,,,,chambalfertiliserschemicals
52,Current Investments Quoted Market Value,0.00,0.00,0.00,0.00,0.00,,chambalfertiliserschemicals
53,Current Investments Unquoted Book Value,0.00,0.00,0.00,0.00,24.50,,chambalfertiliserschemicals
0,Balance Sheet of Colgate Palmolive (India) (in Rs. Cr.),Mar 10,Mar 09,Mar 08,Mar 07,Mar 06,,colgatepalmoliveindia
1,,12 mths,12 mths,12 mths,12 mths,12 mths,,colgatepalmoliveindia
2,EQUITIES AND LIABILITIES,,,,,,,colgatepalmoliveindia
3,SHAREHOLDER'S FUNDS,,,,,,,colgatepalmoliveindia
4,Equity Share Capital,13.60,13.60,13.60,135.99,135.99,,colgatepalmoliveindia
5,Total Share Capital,13.60,13.60,13.60,135.99,135.99,,colgatepalmoliveindia
6,Reserves and Surplus,316.62,201.67,153.69,142.40,144.72,,colgatepalmoliveindia
7,Total Reserves and Surplus,316.62,201.67,153.69,142.40,144.72,,colgatepalmoliveindia
8,Total Shareholders Funds,330.22,215.27,167.29,278.40,280.71,,colgatepalmoliveindia
9,Minority Interest,0.00,3.75,4.08,0.00,0.00,,colgatepalmoliveindia
10,NON-CURRENT LIABILITIES,,,,,,,colgatepalmoliveindia
11,Long Term Borrowings,4.59,4.69,4.69,4.28,4.36,,colgatepalmoliveindia
12,Deferred Tax Liabilities [Net],19.11,20.65,15.56,14.23,10.66,,colgatepalmoliveindia
13,Other Long Term Liabilities,0.00,0.00,0.00,0.00,0.00,,colgatepalmoliveindia
14,Long Term Provisions,0.00,0.00,0.00,0.00,0.00,,colgatepalmoliveindia
15,Total Non-Current Liabilities,23.70,25.34,20.25,18.51,15.01,,colgatepalmoliveindia
16,CURRENT LIABILITIES,,,,,,,colgatepalmoliveindia
17,Short Term Borrowings,0.00,0.00,0.00,0.00,0.00,,colgatepalmoliveindia
18,Trade Payables,368.61,362.00,306.49,273.13,244.28,,colgatepalmoliveindia
19,Other Current Liabilities,56.12,57.10,45.61,32.60,39.91,,colgatepalmoliveindia
20,Short Term Provisions,125.18,164.42,201.08,117.19,68.92,,colgatepalmoliveindia
21,Total Current Liabilities,549.91,583.52,553.19,422.92,353.11,,colgatepalmoliveindia
22,Total Capital And Liabilities,903.83,827.87,744.81,719.82,648.84,,colgatepalmoliveindia
23,ASSETS,,,,,,,colgatepalmoliveindia
24,NON-CURRENT ASSETS,,,,,,,colgatepalmoliveindia
25,Tangible Assets,213.47,208.55,168.96,126.86,123.38,,colgatepalmoliveindia
26,Intangible Assets,40.83,40.83,40.83,40.83,40.83,,colgatepalmoliveindia
27,Capital Work-In-Progress,6.43,7.74,30.52,24.34,9.27,,colgatepalmoliveindia
28,Fixed Assets,260.73,257.12,240.31,192.03,173.47,,colgatepalmoliveindia
29,Non-Current Investments,19.57,34.89,65.21,130.21,145.21,,colgatepalmoliveindia
30,Deferred Tax Assets [Net],36.73,35.81,43.87,39.90,18.26,,colgatepalmoliveindia
31,Long Term Loans And Advances,0.00,0.00,0.00,0.00,0.00,,colgatepalmoliveindia
32,Other Non-Current Assets,0.00,0.00,0.00,0.00,0.00,,colgatepalmoliveindia
33,Total Non-Current Assets,317.03,327.82,349.40,362.14,336.94,,colgatepalmoliveindia
34,CURRENT ASSETS,,,,,,,colgatepalmoliveindia
35,Current Investments,0.00,0.00,0.00,0.00,0.00,,colgatepalmoliveindia
36,Inventories,111.36,90.24,86.25,80.33,75.84,,colgatepalmoliveindia
37,Trade Receivables,9.77,11.13,9.39,9.41,7.51,,colgatepalmoliveindia
38,Cash And Cash Equivalents,347.67,253.40,148.13,114.86,89.21,,colgatepalmoliveindia
39,Short Term Loans And Advances,118.00,145.28,151.64,153.08,139.33,,colgatepalmoliveindia
40,OtherCurrentAssets,0.00,0.00,0.00,0.00,0.00,,colgatepalmoliveindia
41,Total Current Assets,586.80,500.05,395.41,357.68,311.90,,colgatepalmoliveindia
42,Total Assets,903.83,827.87,744.81,719.82,648.84,,colgatepalmoliveindia
43,OTHER ADDITIONAL INFORMATION,,,,,,,colgatepalmoliveindia
44,"CONTINGENT LIABILITIES, COMMITMENTS",,,,,,,colgatepalmoliveindia
45,Contingent Liabilities,62.92,47.00,64.26,102.37,43.38,,colgatepalmoliveindia
46,BONUS DETAILS,,,,,,,colgatepalmoliveindia
47,Bonus Equity Share Capital,11.19,11.19,11.19,111.89,111.89,,colgatepalmoliveindia
48,NON-CURRENT INVESTMENTS,,,,,,,colgatepalmoliveindia
49,Non-Current Investments Quoted Market Value,0.00,5.00,15.60,15.71,15.86,,colgatepalmoliveindia
50,Non-Current Investments Unquoted Book Value,19.57,29.57,49.01,114.01,129.01,,colgatepalmoliveindia
51,CURRENT INVESTMENTS,,,,,,,colgatepalmoliveindia
52,Current Investments Quoted Market Value,0.00,0.00,0.00,0.00,0.00,,colgatepalmoliveindia
53,Current Investments Unquoted Book Value,0.00,0.00,0.00,0.00,0.00,,colgatepalmoliveindia
0,Balance Sheet of Crompton Greaves Consumer Electrical (in Rs. Cr.),Mar 23,Mar 22,Mar 21,Mar 20,Mar 19,,cromptongreavesconsumerelectrical
1,,12 mths,12 mths,12 mths,12 mths,12 mths,,cromptongreavesconsumerelectrical
2,EQUITIES AND LIABILITIES,,,,,,,cromptongreavesconsumerelectrical
3,SHAREHOLDER'S FUNDS,,,,,,,cromptongreavesconsumerelectrical
4,Equity Share Capital,127.22,126.68,125.54,125.46,125.40,,cromptongreavesconsumerelectrical
5,Total Share Capital,127.22,126.68,125.54,125.46,125.40,,cromptongreavesconsumerelectrical
6,Reserves and Surplus,2392.36,2187.65,1643.36,1342.88,971.94,,cromptongreavesconsumerelectrical
7,Total Reserves and Surplus,2392.36,2187.65,1643.36,1342.88,971.94,,cromptongreavesconsumerelectrical
8,Total Shareholders Funds,2659.99,2452.96,1931.43,1468.34,1097.34,,cromptongreavesconsumerelectrical
9,Minority Interest,447.71,782.45,0.00,0.00,0.00,,cromptongreavesconsumerelectrical
10,NON-CURRENT LIABILITIES,,,,,,,cromptongreavesconsumerelectrical
11,Long Term Borrowings,597.18,4.56,298.79,179.72,349.26,,cromptongreavesconsumerelectrical
12,Deferred Tax Liabilities [Net],12.27,39.43,0.00,0.00,0.00,,cromptongreavesconsumerelectrical
13,Other Long Term Liabilities,69.12,44.14,0.00,0.00,0.00,,cromptongreavesconsumerelectrical
14,Long Term Provisions,131.23,109.55,21.44,19.11,17.29,,cromptongreavesconsumerelectrical
15,Total Non-Current Liabilities,809.80,197.68,320.23,198.83,366.55,,cromptongreavesconsumerelectrical
16,CURRENT LIABILITIES,,,,,,,cromptongreavesconsumerelectrical
17,Short Term Borrowings,325.00,1602.95,0.00,0.00,0.00,,cromptongreavesconsumerelectrical
18,Trade Payables,1035.38,1017.78,864.67,643.57,665.01,,cromptongreavesconsumerelectrical
19,Other Current Liabilities,208.07,212.53,296.21,275.57,388.94,,cromptongreavesconsumerelectrical
20,Short Term Provisions,168.48,182.24,204.76,165.51,151.81,,cromptongreavesconsumerelectrical
21,Total Current Liabilities,1736.93,3015.50,1365.64,1084.65,1205.76,,cromptongreavesconsumerelectrical
22,Total Capital And Liabilities,5654.43,6448.59,3617.30,2751.82,2669.65,,cromptongreavesconsumerelectrical
23,ASSETS,,,,,,,cromptongreavesconsumerelectrical
24,NON-CURRENT ASSETS,,,,,,,cromptongreavesconsumerelectrical
25,Tangible Assets,483.97,475.63,132.76,125.06,78.55,,cromptongreavesconsumerelectrical
26,Intangible Assets,1480.51,1512.38,2.82,4.50,5.19,,cromptongreavesconsumerelectrical
27,Capital Work-In-Progress,5.46,13.00,10.86,19.90,0.98,,cromptongreavesconsumerelectrical
28,Fixed Assets,1990.99,2001.01,146.44,149.46,84.72,,cromptongreavesconsumerelectrical
29,Non-Current Investments,0.35,0.34,0.00,0.00,0.00,,cromptongreavesconsumerelectrical
30,Deferred Tax Assets [Net],0.00,0.00,58.55,50.67,60.25,,cromptongreavesconsumerelectrical
31,Long Term Loans And Advances,0.00,0.00,0.00,0.00,0.00,,cromptongreavesconsumerelectrical
32,Other Non-Current Assets,119.34,61.73,26.24,30.61,25.40,,cromptongreavesconsumerelectrical
33,Total Non-Current Assets,3396.14,3348.54,1010.64,1010.15,949.78,,cromptongreavesconsumerelectrical
34,CURRENT ASSETS,,,,,,,cromptongreavesconsumerelectrical
35,Current Investments,547.83,623.83,769.73,540.82,541.21,,cromptongreavesconsumerelectrical
36,Inventories,743.85,721.04,518.64,463.61,352.38,,cromptongreavesconsumerelectrical
37,Trade Receivables,670.56,615.43,491.18,463.46,565.98,,cromptongreavesconsumerelectrical
38,Cash And Cash Equivalents,109.48,915.19,603.95,48.12,143.05,,cromptongreavesconsumerelectrical
39,Short Term Loans And Advances,0.66,1.23,0.00,0.00,0.00,,cromptongreavesconsumerelectrical
40,OtherCurrentAssets,185.91,223.33,223.16,225.66,117.25,,cromptongreavesconsumerelectrical
41,Total Current Assets,2258.29,3100.05,2606.66,1741.67,1719.87,,cromptongreavesconsumerelectrical
42,Total Assets,5654.43,6448.59,3617.30,2751.82,2669.65,,cromptongreavesconsumerelectrical
43,OTHER ADDITIONAL INFORMATION,,,,,,,cromptongreavesconsumerelectrical
44,"CONTINGENT LIABILITIES, COMMITMENTS",,,,,,,cromptongreavesconsumerelectrical
45,Contingent Liabilities,203.93,192.16,178.14,138.10,74.69,,cromptongreavesconsumerelectrical
46,BONUS DETAILS,,,,,,,cromptongreavesconsumerelectrical
47,Bonus Equity Share Capital,125.46,125.46,125.46,0.00,0.00,,cromptongreavesconsumerelectrical
48,NON-CURRENT INVESTMENTS,,,,,,,cromptongreavesconsumerelectrical
49,Non-Current Investments Quoted Market Value,0.35,0.34,0.00,0.00,0.00,,cromptongreavesconsumerelectrical
50,Non-Current Investments Unquoted Book Value,0.00,0.00,0.00,0.00,0.00,,cromptongreavesconsumerelectrical
51,CURRENT INVESTMENTS,,,,,,,cromptongreavesconsumerelectrical
52,Current Investments Quoted Market Value,265.20,32.08,31.17,10.50,20.07,,cromptongreavesconsumerelectrical
53,Current Investments Unquoted Book Value,282.63,591.75,738.56,530.32,521.14,,cromptongreavesconsumerelectrical
0,Balance Sheet of Escorts Kubota (in Rs. Cr.),Mar 23,Mar 22,Mar 21,Mar 20,Mar 19,,escortskubota
1,,12 mths,12 mths,12 mths,12 mths,12 mths,,escortskubota
2,EQUITIES AND LIABILITIES,,,,,,,escortskubota
3,SHAREHOLDER'S FUNDS,,,,,,,escortskubota
4,Equity Share Capital,131.94,131.94,134.83,122.58,122.58,,escortskubota
5,Total Share Capital,131.94,131.94,134.83,122.58,122.58,,escortskubota
6,Reserves and Surplus,8042.47,7467.96,4891.30,2987.72,2550.91,,escortskubota
7,Total Reserves and Surplus,8042.47,7467.96,4891.30,2987.72,2550.91,,escortskubota
8,Total Shareholders Funds,8186.71,7599.90,5026.13,3117.40,2673.49,,escortskubota
9,Minority Interest,-3.88,-3.75,-0.91,5.10,5.64,,escortskubota
10,NON-CURRENT LIABILITIES,,,,,,,escortskubota
11,Long Term Borrowings,0.00,0.00,1.72,2.69,3.53,,escortskubota
12,Deferred Tax Liabilities [Net],64.64,37.27,23.30,30.71,52.87,,escortskubota
13,Other Long Term Liabilities,79.77,76.59,83.73,53.53,28.26,,escortskubota
14,Long Term Provisions,42.09,42.27,49.11,30.51,25.72,,escortskubota
15,Total Non-Current Liabilities,186.50,156.13,157.86,117.44,110.38,,escortskubota
16,CURRENT LIABILITIES,,,,,,,escortskubota
17,Short Term Borrowings,0.00,0.00,0.00,16.51,269.23,,escortskubota
18,Trade Payables,1260.78,893.75,1195.42,1292.92,1248.74,,escortskubota
19,Other Current Liabilities,350.60,363.75,397.99,340.28,280.67,,escortskubota
20,Short Term Provisions,104.52,97.96,101.68,125.75,120.04,,escortskubota
21,Total Current Liabilities,1715.90,1355.46,1695.09,1775.46,1918.68,,escortskubota
22,Total Capital And Liabilities,10085.23,9107.74,6878.17,5015.40,4708.19,,escortskubota
23,ASSETS,,,,,,,escortskubota
24,NON-CURRENT ASSETS,,,,,,,escortskubota
25,Tangible Assets,1862.08,1817.24,1767.40,1669.63,1616.20,,escortskubota
26,Intangible Assets,29.07,23.81,28.83,32.78,31.03,,escortskubota
27,Capital Work-In-Progress,69.39,56.34,41.20,104.42,56.55,,escortskubota
28,Fixed Assets,2004.83,1928.85,1860.92,1827.07,1727.19,,escortskubota
29,Non-Current Investments,2971.76,248.34,272.95,146.45,87.12,,escortskubota
30,Deferred Tax Assets [Net],0.41,0.00,0.00,1.44,1.22,,escortskubota
31,Long Term Loans And Advances,0.00,0.00,7.06,13.64,9.01,,escortskubota
32,Other Non-Current Assets,204.82,114.32,103.09,115.87,113.69,,escortskubota
33,Total Non-Current Assets,5181.82,2291.51,2244.02,2104.47,1938.23,,escortskubota
34,CURRENT ASSETS,,,,,,,escortskubota
35,Current Investments,1794.93,4587.50,1665.07,650.91,403.67,,escortskubota
36,Inventories,1217.68,846.56,718.16,883.36,857.42,,escortskubota
37,Trade Receivables,1179.65,792.62,657.58,731.86,931.05,,escortskubota
38,Cash And Cash Equivalents,471.90,271.84,1321.76,324.88,243.30,,escortskubota
39,Short Term Loans And Advances,0.00,0.00,10.53,17.10,5.63,,escortskubota
40,OtherCurrentAssets,239.25,317.71,261.05,302.82,328.89,,escortskubota
41,Total Current Assets,4903.41,6816.23,4634.15,2910.93,2769.96,,escortskubota
42,Total Assets,10085.23,9107.74,6878.17,5015.40,4708.19,,escortskubota
43,OTHER ADDITIONAL INFORMATION,,,,,,,escortskubota
44,"CONTINGENT LIABILITIES, COMMITMENTS",,,,,,,escortskubota
45,Contingent Liabilities,828.79,863.52,913.29,882.48,862.96,,escortskubota
46,BONUS DETAILS,,,,,,,escortskubota
47,Bonus Equity Share Capital,19.43,19.43,19.43,19.43,19.43,,escortskubota
48,NON-CURRENT INVESTMENTS,,,,,,,escortskubota
49,Non-Current Investments Quoted Market Value,2716.42,0.94,11.47,0.35,0.59,,escortskubota
50,Non-Current Investments Unquoted Book Value,0.02,0.02,1.67,1.52,1.38,,escortskubota
51,CURRENT INVESTMENTS,,,,,,,escortskubota
52,Current Investments Quoted Market Value,1794.93,4584.54,1665.07,650.91,403.66,,escortskubota
53,Current Investments Unquoted Book Value,0.00,0.00,0.00,0.00,0.01,,escortskubota
0,Balance Sheet of GMR Airports Infrastructure (in Rs. Cr.),Mar 23,Mar 22,Mar 21,Mar 20,Mar 19,,gmrairportsinfrastructure
1,,12 mths,12 mths,12 mths,12 mths,12 mths,,gmrairportsinfrastructure
2,EQUITIES AND LIABILITIES,,,,,,,gmrairportsinfrastructure
3,SHAREHOLDER'S FUNDS,,,,,,,gmrairportsinfrastructure
4,Equity Share Capital,603.59,603.59,603.59,603.59,603.59,,gmrairportsinfrastructure
5,Total Share Capital,603.59,603.59,603.59,603.59,603.59,,gmrairportsinfrastructure
6,Reserves and Surplus,-1396.37,-1421.41,-2321.72,-3062.28,-1423.65,,gmrairportsinfrastructure
7,Total Reserves and Surplus,-1396.37,-1421.41,-2321.72,-3062.28,-1423.65,,gmrairportsinfrastructure
8,Total Shareholders Funds,-792.78,-817.82,-1718.13,-2458.69,-820.06,,gmrairportsinfrastructure
9,Minority Interest,1761.63,2735.97,3036.69,2674.58,2061.95,,gmrairportsinfrastructure
10,NON-CURRENT LIABILITIES,,,,,,,gmrairportsinfrastructure
11,Long Term Borrowings,28176.48,24404.59,30990.20,26521.90,21663.81,,gmrairportsinfrastructure
12,Deferred Tax Liabilities [Net],190.43,22.88,117.13,225.04,328.52,,gmrairportsinfrastructure
13,Other Long Term Liabilities,5651.06,4284.95,3326.86,2857.02,2801.65,,gmrairportsinfrastructure
14,Long Term Provisions,45.88,49.08,81.51,105.83,123.33,,gmrairportsinfrastructure
15,Total Non-Current Liabilities,34063.85,28761.50,34515.70,29709.79,24917.31,,gmrairportsinfrastructure
16,CURRENT LIABILITIES,,,,,,,gmrairportsinfrastructure
17,Short Term Borrowings,3767.00,2111.17,1282.61,1630.87,2298.59,,gmrairportsinfrastructure
18,Trade Payables,850.78,543.38,2459.58,2261.51,1959.86,,gmrairportsinfrastructure
19,Other Current Liabilities,4223.24,3539.72,9479.68,11740.29,8926.39,,gmrairportsinfrastructure
20,Short Term Provisions,237.71,236.29,904.14,968.45,1059.96,,gmrairportsinfrastructure
21,Total Current Liabilities,9078.73,6430.56,14126.01,16601.12,14244.80,,gmrairportsinfrastructure
22,Total Capital And Liabilities,44111.43,37110.21,49960.27,46526.80,40404.00,,gmrairportsinfrastructure
23,ASSETS,,,,,,,gmrairportsinfrastructure
24,NON-CURRENT ASSETS,,,,,,,gmrairportsinfrastructure
25,Tangible Assets,14318.54,9495.24,9663.14,12977.15,12754.21,,gmrairportsinfrastructure
26,Intangible Assets,402.09,393.29,2672.48,2763.67,2867.05,,gmrairportsinfrastructure
27,Capital Work-In-Progress,11172.92,10162.63,6615.65,3809.02,857.03,,gmrairportsinfrastructure
28,Fixed Assets,25895.21,20064.71,18957.54,19552.29,16479.54,,gmrairportsinfrastructure
29,Non-Current Investments,1939.83,2111.71,6810.46,7160.14,7765.07,,gmrairportsinfrastructure
30,Deferred Tax Assets [Net],760.56,787.47,821.83,654.78,593.06,,gmrairportsinfrastructure
31,Long Term Loans And Advances,1474.55,1263.35,1095.00,447.73,276.83,,gmrairportsinfrastructure
32,Other Non-Current Assets,4726.54,5804.50,7298.74,5896.27,4232.53,,gmrairportsinfrastructure
33,Total Non-Current Assets,35233.37,30468.42,35420.25,34147.89,29805.59,,gmrairportsinfrastructure
34,CURRENT ASSETS,,,,,,,gmrairportsinfrastructure
35,Current Investments,2538.26,1686.70,2863.40,2959.12,2350.34,,gmrairportsinfrastructure
36,Inventories,134.73,92.39,174.56,190.53,112.57,,gmrairportsinfrastructure
37,Trade Receivables,368.93,375.53,1145.58,1423.84,1447.37,,gmrairportsinfrastructure
38,Cash And Cash Equivalents,4020.67,3115.83,6413.27,4448.77,1629.65,,gmrairportsinfrastructure
39,Short Term Loans And Advances,465.52,252.71,681.09,916.98,109.78,,gmrairportsinfrastructure
40,OtherCurrentAssets,1349.95,1118.63,3262.12,2439.67,4948.70,,gmrairportsinfrastructure
41,Total Current Assets,8878.06,6641.79,14540.02,12378.91,10598.41,,gmrairportsinfrastructure
42,Total Assets,44111.43,37110.21,49960.27,46526.80,40404.00,,gmrairportsinfrastructure
43,OTHER ADDITIONAL INFORMATION,,,,,,,gmrairportsinfrastructure
44,"CONTINGENT LIABILITIES, COMMITMENTS",,,,,,,gmrairportsinfrastructure
45,Contingent Liabilities,7698.15,10902.12,16814.38,20078.68,29347.76,,gmrairportsinfrastructure
46,BONUS DETAILS,,,,,,,gmrairportsinfrastructure
47,Bonus Equity Share Capital,105.77,105.77,105.77,105.77,105.77,,gmrairportsinfrastructure
48,NON-CURRENT INVESTMENTS,,,,,,,gmrairportsinfrastructure
49,Non-Current Investments Quoted Market Value,0.00,0.00,0.00,0.00,0.00,,gmrairportsinfrastructure
50,Non-Current Investments Unquoted Book Value,98.31,337.80,410.13,147.39,105.13,,gmrairportsinfrastructure
51,CURRENT INVESTMENTS,,,,,,,gmrairportsinfrastructure
52,Current Investments Quoted Market Value,0.00,0.00,0.00,0.00,0.00,,gmrairportsinfrastructure
53,Current Investments Unquoted Book Value,2538.26,1686.70,2863.40,2959.12,2350.34,,gmrairportsinfrastructure
0,Balance Sheet of Hindustan Aeronautics Ltd. (in Rs. Cr.),Mar 23,Mar 22,Mar 21,Mar 20,Mar 19,,hindustanaeronauticsltd
1,,12 mths,12 mths,12 mths,12 mths,12 mths,,hindustanaeronauticsltd
2,EQUITIES AND LIABILITIES,,,,,,,hindustanaeronauticsltd
3,SHAREHOLDER'S FUNDS,,,,,,,hindustanaeronauticsltd
4,Equity Share Capital,334.39,334.39,334.39,334.39,334.39,,hindustanaeronauticsltd
5,Total Share Capital,334.39,334.39,334.39,334.39,334.39,,hindustanaeronauticsltd
6,Reserves and Surplus,23237.76,18978.74,15077.88,12904.47,11747.73,,hindustanaeronauticsltd
7,Total Reserves and Surplus,23237.76,18978.74,15077.88,12904.47,11747.73,,hindustanaeronauticsltd
8,Total Shareholders Funds,23572.15,19313.13,15412.27,13238.86,12082.12,,hindustanaeronauticsltd
9,Minority Interest,3.74,3.75,3.91,4.31,4.48,,hindustanaeronauticsltd
10,NON-CURRENT LIABILITIES,,,,,,,hindustanaeronauticsltd
11,Long Term Borrowings,0.00,0.00,0.00,0.00,100.00,,hindustanaeronauticsltd
12,Deferred Tax Liabilities [Net],0.00,0.00,0.00,0.00,0.00,,hindustanaeronauticsltd
13,Other Long Term Liabilities,11453.54,12789.55,9803.29,7476.32,8802.84,,hindustanaeronauticsltd
14,Long Term Provisions,1347.10,1263.01,1215.72,1529.68,1531.46,,hindustanaeronauticsltd
15,Total Non-Current Liabilities,12800.64,14052.56,11019.01,9006.00,10434.30,,hindustanaeronauticsltd
16,CURRENT LIABILITIES,,,,,,,hindustanaeronauticsltd
17,Short Term Borrowings,0.00,0.00,9.07,5775.18,4016.20,,hindustanaeronauticsltd
18,Trade Payables,3134.97,2557.61,2241.02,4083.74,2629.24,,hindustanaeronauticsltd
19,Other Current Liabilities,20913.99,17407.97,19284.24,16358.65,17053.60,,hindustanaeronauticsltd
20,Short Term Provisions,6778.31,5056.96,3976.38,4800.99,4493.85,,hindustanaeronauticsltd
21,Total Current Liabilities,30827.27,25022.54,25510.71,31018.56,28192.89,,hindustanaeronauticsltd
22,Total Capital And Liabilities,67203.80,58391.98,51945.90,53267.73,50713.79,,hindustanaeronauticsltd
23,ASSETS,,,,,,,hindustanaeronauticsltd
24,NON-CURRENT ASSETS,,,,,,,hindustanaeronauticsltd
25,Tangible Assets,5798.62,5927.61,6547.04,6350.62,6288.35,,hindustanaeronauticsltd
26,Intangible Assets,1035.75,838.27,944.07,1006.87,1171.00,,hindustanaeronauticsltd
27,Capital Work-In-Progress,636.90,949.10,791.56,860.00,702.25,,hindustanaeronauticsltd
28,Fixed Assets,8719.37,9238.82,9568.94,9400.18,8961.46,,hindustanaeronauticsltd
29,Non-Current Investments,1457.92,1362.70,1055.51,990.80,909.64,,hindustanaeronauticsltd
30,Deferred Tax Assets [Net],1125.71,565.57,52.35,470.11,259.31,,hindustanaeronauticsltd
31,Long Term Loans And Advances,6.21,6.23,46.13,47.96,48.36,,hindustanaeronauticsltd
32,Other Non-Current Assets,4009.55,2224.94,1051.62,961.79,887.10,,hindustanaeronauticsltd
33,Total Non-Current Assets,15318.76,13398.26,11774.55,11870.84,11065.87,,hindustanaeronauticsltd
34,CURRENT ASSETS,,,,,,,hindustanaeronauticsltd
35,Current Investments,0.00,0.00,0.00,0.00,0.00,,hindustanaeronauticsltd
36,Inventories,12148.69,14347.28,16544.77,19435.90,19664.26,,hindustanaeronauticsltd
37,Trade Receivables,4719.07,4641.53,5637.86,11583.39,12458.00,,hindustanaeronauticsltd
38,Cash And Cash Equivalents,20316.61,14347.72,7177.35,316.56,123.66,,hindustanaeronauticsltd
39,Short Term Loans And Advances,7.76,8.21,14.70,19.37,27.34,,hindustanaeronauticsltd
40,OtherCurrentAssets,14692.91,11648.98,10796.67,10041.67,7374.66,,hindustanaeronauticsltd
41,Total Current Assets,51885.04,44993.72,40171.35,41396.89,39647.92,,hindustanaeronauticsltd
42,Total Assets,67203.80,58391.98,51945.90,53267.73,50713.79,,hindustanaeronauticsltd
43,OTHER ADDITIONAL INFORMATION,,,,,,,hindustanaeronauticsltd
44,"CONTINGENT LIABILITIES, COMMITMENTS",,,,,,,hindustanaeronauticsltd
45,Contingent Liabilities,14781.74,15849.18,13566.96,12572.54,12024.65,,hindustanaeronauticsltd
46,BONUS DETAILS,,,,,,,hindustanaeronauticsltd
47,Bonus Equity Share Capital,250.79,250.79,250.79,250.79,250.79,,hindustanaeronauticsltd
48,NON-CURRENT INVESTMENTS,,,,,,,hindustanaeronauticsltd
49,Non-Current Investments Quoted Market Value,0.00,0.00,0.00,0.00,0.00,,hindustanaeronauticsltd
50,Non-Current Investments Unquoted Book Value,1289.59,1194.91,894.55,833.26,757.34,,hindustanaeronauticsltd
51,CURRENT INVESTMENTS,,,,,,,hindustanaeronauticsltd
52,Current Investments Quoted Market Value,0.00,0.00,0.00,0.00,0.00,,hindustanaeronauticsltd
53,Current Investments Unquoted Book Value,0.00,0.00,0.00,0.00,0.00,,hindustanaeronauticsltd
0,Balance Sheet of Havells India (in Rs. Cr.),Mar 23,Mar 22,Mar 21,Mar 20,Mar 19,,havellsindia
1,,12 mths,12 mths,12 mths,12 mths,12 mths,,havellsindia
2,EQUITIES AND LIABILITIES,,,,,,,havellsindia
3,SHAREHOLDER'S FUNDS,,,,,,,havellsindia
4,Equity Share Capital,62.65,62.63,62.60,62.58,62.55,,havellsindia
5,Total Share Capital,62.65,62.63,62.60,62.58,62.55,,havellsindia
6,Reserves and Surplus,6560.50,5939.73,5113.06,4248.34,4155.17,,havellsindia
7,Total Reserves and Surplus,6560.50,5939.73,5113.06,4248.34,4155.17,,havellsindia
8,Total Shareholders Funds,6625.45,6002.89,5176.30,4311.56,4217.99,,havellsindia
9,Minority Interest,0.00,0.00,0.00,0.00,0.00,,havellsindia
10,NON-CURRENT LIABILITIES,,,,,,,havellsindia
11,Long Term Borrowings,0.00,272.57,393.65,0.00,40.50,,havellsindia
12,Deferred Tax Liabilities [Net],361.51,350.62,339.11,286.52,320.30,,havellsindia
13,Other Long Term Liabilities,198.22,187.77,107.39,112.90,21.26,,havellsindia
14,Long Term Provisions,136.72,76.25,58.43,35.57,32.68,,havellsindia
15,Total Non-Current Liabilities,696.45,887.21,898.58,434.99,414.74,,havellsindia
16,CURRENT LIABILITIES,,,,,,,havellsindia
17,Short Term Borrowings,0.00,122.96,98.55,0.00,0.00,,havellsindia
18,Trade Payables,2643.19,2380.02,1597.14,1413.82,1559.80,,havellsindia
19,Other Current Liabilities,917.44,876.90,824.14,703.07,776.64,,havellsindia
20,Short Term Provisions,274.91,253.23,257.55,210.01,203.12,,havellsindia
21,Total Current Liabilities,3835.54,3633.11,2777.38,2326.90,2539.56,,havellsindia
22,Total Capital And Liabilities,11157.44,10523.21,8852.26,7073.45,7172.29,,havellsindia
23,ASSETS,,,,,,,havellsindia
24,NON-CURRENT ASSETS,,,,,,,havellsindia
25,Tangible Assets,2227.85,2021.45,1860.83,1899.59,1433.66,,havellsindia
26,Intangible Assets,1082.33,1101.69,1119.13,1139.51,1170.12,,havellsindia
27,Capital Work-In-Progress,163.42,56.75,86.26,82.77,232.15,,havellsindia
28,Fixed Assets,3476.59,3180.35,3069.87,3125.23,2836.44,,havellsindia
29,Non-Current Investments,20.00,272.68,0.00,0.00,0.00,,havellsindia
30,Deferred Tax Assets [Net],0.00,0.00,0.00,0.00,0.00,,havellsindia
31,Long Term Loans And Advances,0.00,0.00,0.00,0.00,0.00,,havellsindia
32,Other Non-Current Assets,284.21,153.15,151.46,157.11,167.59,,havellsindia
33,Total Non-Current Assets,4091.27,3916.65,3531.80,3592.81,3328.18,,havellsindia
34,CURRENT ASSETS,,,,,,,havellsindia
35,Current Investments,180.87,153.42,306.30,0.00,0.00,,havellsindia
36,Inventories,3708.58,2968.08,2619.89,1871.88,1918.97,,havellsindia
37,Trade Receivables,973.94,766.26,563.73,241.66,406.58,,havellsindia
38,Cash And Cash Equivalents,1870.17,2547.98,1652.79,1132.53,1311.37,,havellsindia
39,Short Term Loans And Advances,0.00,0.00,0.00,0.00,0.00,,havellsindia
40,OtherCurrentAssets,332.61,170.82,177.75,234.57,207.19,,havellsindia
41,Total Current Assets,7066.17,6606.56,5320.46,3480.64,3844.11,,havellsindia
42,Total Assets,11157.44,10523.21,8852.26,7073.45,7172.29,,havellsindia
43,OTHER ADDITIONAL INFORMATION,,,,,,,havellsindia
44,"CONTINGENT LIABILITIES, COMMITMENTS",,,,,,,havellsindia
45,Contingent Liabilities,538.27,141.22,183.06,215.92,283.33,,havellsindia
46,BONUS DETAILS,,,,,,,havellsindia
47,Bonus Equity Share Capital,51.59,51.59,51.59,51.59,51.59,,havellsindia
48,NON-CURRENT INVESTMENTS,,,,,,,havellsindia
49,Non-Current Investments Quoted Market Value,0.00,0.00,0.00,0.00,0.00,,havellsindia
50,Non-Current Investments Unquoted Book Value,20.00,272.68,0.00,0.00,0.00,,havellsindia
51,CURRENT INVESTMENTS,,,,,,,havellsindia
52,Current Investments Quoted Market Value,0.00,0.00,0.00,0.00,0.00,,havellsindia
53,Current Investments Unquoted Book Value,180.87,153.42,306.30,0.00,0.00,,havellsindia
0,Balance Sheet of HDFC Life Insurance Company (in Rs. Cr.),Mar 23,Mar 22,Mar 21,Mar 20,Mar 19,,hdfclifeinsurancecompany
1,,12 mths,12 mths,12 mths,12 mths,12 mths,,hdfclifeinsurancecompany
2,EQUITIES AND LIABILITIES,,,,,,,hdfclifeinsurancecompany
3,SHAREHOLDER'S FUNDS,,,,,,,hdfclifeinsurancecompany
4,Equity Share Capital,2149.40,2112.62,2020.94,2018.80,2017.38,,hdfclifeinsurancecompany
5,Total Share Capital,2149.40,2112.62,2020.94,2018.80,2017.38,,hdfclifeinsurancecompany
6,Reserves and Surplus,10840.59,13497.39,9171.88,4782.23,3624.83,,hdfclifeinsurancecompany
7,Total Reserves and Surplus,10840.59,13497.39,9171.88,4782.23,3624.83,,hdfclifeinsurancecompany
8,Total Shareholders Funds,12989.99,15610.01,11192.83,6801.03,5642.21,,hdfclifeinsurancecompany
9,Minority Interest,0.00,0.00,0.00,0.00,0.00,,hdfclifeinsurancecompany
10,NON-CURRENT LIABILITIES,,,,,,,hdfclifeinsurancecompany
11,Long Term Borrowings,950.00,600.00,600.00,0.00,0.00,,hdfclifeinsurancecompany
12,Deferred Tax Liabilities [Net],0.00,0.00,0.00,0.00,0.00,,hdfclifeinsurancecompany
13,Other Long Term Liabilities,150374.05,128861.47,90362.88,69583.11,58733.14,,hdfclifeinsurancecompany
14,Long Term Provisions,75383.56,78711.89,70963.52,50844.19,60521.25,,hdfclifeinsurancecompany
15,Total Non-Current Liabilities,226707.61,208173.36,161926.40,120427.30,119254.40,,hdfclifeinsurancecompany
16,CURRENT LIABILITIES,,,,,,,hdfclifeinsurancecompany
17,Short Term Borrowings,0.00,0.00,0.00,0.00,0.00,,hdfclifeinsurancecompany
18,Trade Payables,0.00,0.00,0.00,0.00,0.00,,hdfclifeinsurancecompany
19,Other Current Liabilities,8043.03,6836.00,6440.04,4913.88,5060.13,,hdfclifeinsurancecompany
20,Short Term Provisions,128.21,111.76,80.01,76.05,58.71,,hdfclifeinsurancecompany
21,Total Current Liabilities,8171.24,6947.76,6520.06,4989.93,5118.84,,hdfclifeinsurancecompany
22,Total Capital And Liabilities,247871.99,230734.45,179641.26,132223.85,130015.84,,hdfclifeinsurancecompany
23,ASSETS,,,,,,,hdfclifeinsurancecompany
24,NON-CURRENT ASSETS,,,,,,,hdfclifeinsurancecompany
25,Tangible Assets,293.61,292.01,327.28,322.30,323.69,,hdfclifeinsurancecompany
26,Intangible Assets,57.98,58.17,0.00,0.00,0.00,,hdfclifeinsurancecompany
27,Capital Work-In-Progress,30.79,19.80,14.24,8.41,10.19,,hdfclifeinsurancecompany
28,Fixed Assets,382.38,369.99,341.52,330.71,333.88,,hdfclifeinsurancecompany
29,Non-Current Investments,238842.71,217191.54,173820.96,127255.71,112693.76,,hdfclifeinsurancecompany
30,Deferred Tax Assets [Net],0.00,0.00,0.00,0.00,0.00,,hdfclifeinsurancecompany
31,Long Term Loans And Advances,1585.31,1271.93,424.05,299.05,79.59,,hdfclifeinsurancecompany
32,Other Non-Current Assets,0.00,0.00,0.00,0.00,1072.31,,hdfclifeinsurancecompany
33,Total Non-Current Assets,240810.41,224447.62,174586.54,127885.48,114179.54,,hdfclifeinsurancecompany
34,CURRENT ASSETS,,,,,,,hdfclifeinsurancecompany
35,Current Investments,0.00,0.00,0.00,0.00,11771.80,,hdfclifeinsurancecompany
36,Inventories,0.00,0.00,0.00,0.00,0.00,,hdfclifeinsurancecompany
37,Trade Receivables,0.00,0.00,0.00,0.00,0.00,,hdfclifeinsurancecompany
38,Cash And Cash Equivalents,1168.55,1375.15,1099.26,690.75,1244.45,,hdfclifeinsurancecompany
39,Short Term Loans And Advances,5893.03,4911.68,3955.46,3647.63,2820.05,,hdfclifeinsurancecompany
40,OtherCurrentAssets,0.00,0.00,0.00,0.00,0.00,,hdfclifeinsurancecompany
41,Total Current Assets,7061.58,6286.83,5054.72,4338.37,15836.30,,hdfclifeinsurancecompany
42,Total Assets,247871.99,230734.45,179641.26,132223.85,130015.84,,hdfclifeinsurancecompany
43,OTHER ADDITIONAL INFORMATION,,,,,,,hdfclifeinsurancecompany
44,"CONTINGENT LIABILITIES, COMMITMENTS",,,,,,,hdfclifeinsurancecompany
45,Contingent Liabilities,1441.58,1795.21,2023.49,2399.03,1763.71,,hdfclifeinsurancecompany
46,BONUS DETAILS,,,,,,,hdfclifeinsurancecompany
47,Bonus Equity Share Capital,0.00,0.00,0.00,0.00,0.00,,hdfclifeinsurancecompany
48,NON-CURRENT INVESTMENTS,,,,,,,hdfclifeinsurancecompany
49,Non-Current Investments Quoted Market Value,0.00,0.00,0.00,0.00,0.00,,hdfclifeinsurancecompany
50,Non-Current Investments Unquoted Book Value,0.00,0.00,0.00,0.00,0.00,,hdfclifeinsurancecompany
51,CURRENT INVESTMENTS,,,,,,,hdfclifeinsurancecompany
52,Current Investments Quoted Market Value,0.00,0.00,0.00,0.00,0.00,,hdfclifeinsurancecompany
53,Current Investments Unquoted Book Value,0.00,0.00,0.00,0.00,0.00,,hdfclifeinsurancecompany
0,Balance Sheet of L&T Finance Holdings (in Rs. Cr.),Mar 23,Mar 22,Mar 21,Mar 20,Mar 19,,ltfinanceholdings
1,,12 mths,12 mths,12 mths,12 mths,12 mths,,ltfinanceholdings
2,EQUITIES AND LIABILITIES,,,,,,,ltfinanceholdings
3,SHAREHOLDER'S FUNDS,,,,,,,ltfinanceholdings
4,Equity Share Capital,2479.67,2474.04,2469.45,2004.83,1998.81,,ltfinanceholdings
5,Total Share Capital,2479.67,2474.04,2469.45,2004.83,1998.81,,ltfinanceholdings
6,Reserves and Surplus,18907.67,17290.96,16103.98,12506.32,11327.85,,ltfinanceholdings
7,Total Reserves and Surplus,18907.67,17290.96,16103.98,12506.32,11327.85,,ltfinanceholdings
8,Total Shareholders Funds,21528.37,19947.70,18773.20,14692.42,13448.60,,ltfinanceholdings
9,Minority Interest,89.44,179.83,197.15,220.21,222.26,,ltfinanceholdings
10,NON-CURRENT LIABILITIES,,,,,,,ltfinanceholdings
11,Long Term Borrowings,38903.86,45877.42,50973.19,49371.49,91506.98,,ltfinanceholdings
12,Deferred Tax Liabilities [Net],23.34,21.80,24.89,16.09,5.19,,ltfinanceholdings
13,Other Long Term Liabilities,232.76,291.58,376.04,120.92,124.64,,ltfinanceholdings
14,Long Term Provisions,32.70,28.15,33.95,41.27,42.04,,ltfinanceholdings
15,Total Non-Current Liabilities,39192.66,46218.95,51408.07,49549.77,91678.85,,ltfinanceholdings
16,CURRENT LIABILITIES,,,,,,,ltfinanceholdings
17,Short Term Borrowings,44139.59,39323.81,37582.58,44523.00,0.00,,ltfinanceholdings
18,Trade Payables,806.39,439.10,24.31,65.64,136.17,,ltfinanceholdings
19,Other Current Liabilities,605.69,792.79,986.34,493.61,569.22,,ltfinanceholdings
20,Short Term Provisions,0.00,0.00,0.00,0.00,0.00,,ltfinanceholdings
21,Total Current Liabilities,45551.67,40555.70,38593.23,45082.25,705.39,,ltfinanceholdings
22,Total Capital And Liabilities,106362.14,106902.18,108971.65,109544.65,106055.10,,ltfinanceholdings
23,ASSETS,,,,,,,ltfinanceholdings
24,NON-CURRENT ASSETS,,,,,,,ltfinanceholdings
25,Tangible Assets,423.75,379.39,388.73,392.92,435.35,,ltfinanceholdings
26,Intangible Assets,115.37,116.02,112.85,70.44,53.04,,ltfinanceholdings
27,Capital Work-In-Progress,0.00,0.00,0.00,0.00,0.00,,ltfinanceholdings
28,Fixed Assets,543.93,517.22,525.42,525.40,527.04,,ltfinanceholdings
29,Non-Current Investments,0.00,0.00,0.00,0.00,0.00,,ltfinanceholdings
30,Deferred Tax Assets [Net],1861.09,1444.57,1635.28,1468.60,1777.15,,ltfinanceholdings
31,Long Term Loans And Advances,0.00,0.00,0.00,0.00,0.00,,ltfinanceholdings
32,Other Non-Current Assets,1266.34,1378.67,1619.33,1242.19,1021.92,,ltfinanceholdings
33,Total Non-Current Assets,3684.76,3353.86,4416.74,3872.90,3965.02,,ltfinanceholdings
34,CURRENT ASSETS,,,,,,,ltfinanceholdings
35,Current Investments,14366.20,11916.94,8872.13,5979.27,8640.81,,ltfinanceholdings
36,Inventories,0.00,0.00,0.00,0.00,0.00,,ltfinanceholdings
37,Trade Receivables,142.97,63.68,113.35,84.05,117.00,,ltfinanceholdings
38,Cash And Cash Equivalents,12748.91,7970.42,8426.97,7804.40,1874.15,,ltfinanceholdings
39,Short Term Loans And Advances,75154.55,82469.44,87030.25,91462.50,91324.63,,ltfinanceholdings
40,OtherCurrentAssets,264.75,1127.84,112.21,341.53,133.49,,ltfinanceholdings
41,Total Current Assets,102677.38,103548.32,104554.91,105671.75,102090.08,,ltfinanceholdings
42,Total Assets,106362.14,106902.18,108971.65,109544.65,106055.10,,ltfinanceholdings
43,OTHER ADDITIONAL INFORMATION,,,,,,,ltfinanceholdings
44,"CONTINGENT LIABILITIES, COMMITMENTS",,,,,,,ltfinanceholdings
45,Contingent Liabilities,1680.01,2117.05,1889.66,4234.66,3144.10,,ltfinanceholdings
46,BONUS DETAILS,,,,,,,ltfinanceholdings
47,Bonus Equity Share Capital,0.00,0.00,0.00,0.00,0.00,,ltfinanceholdings
48,NON-CURRENT INVESTMENTS,,,,,,,ltfinanceholdings
49,Non-Current Investments Quoted Market Value,0.00,0.00,0.00,0.00,0.00,,ltfinanceholdings
50,Non-Current Investments Unquoted Book Value,0.00,0.00,0.00,0.00,0.00,,ltfinanceholdings
51,CURRENT INVESTMENTS,,,,,,,ltfinanceholdings
52,Current Investments Quoted Market Value,0.00,0.00,0.00,0.00,0.00,,ltfinanceholdings
53,Current Investments Unquoted Book Value,14366.20,11916.94,8872.13,5976.29,8632.53,,ltfinanceholdings
0,Balance Sheet of Maruti Suzuki India (in Rs. Cr.),Mar 23,Mar 22,Mar 21,Mar 20,Mar 19,,marutisuzukiindia
1,,12 mths,12 mths,12 mths,12 mths,12 mths,,marutisuzukiindia
2,EQUITIES AND LIABILITIES,,,,,,,marutisuzukiindia
3,SHAREHOLDER'S FUNDS,,,,,,,marutisuzukiindia
4,Equity Share Capital,151.00,151.00,151.00,151.00,151.00,,marutisuzukiindia
5,Total Share Capital,151.00,151.00,151.00,151.00,151.00,,marutisuzukiindia
6,Reserves and Surplus,61640.30,55182.50,52349.60,49262.00,46941.10,,marutisuzukiindia
7,Total Reserves and Surplus,61640.30,55182.50,52349.60,49262.00,46941.10,,marutisuzukiindia
8,Total Shareholders Funds,61791.30,55333.50,52500.60,49413.00,47092.10,,marutisuzukiindia
9,Minority Interest,0.00,0.00,0.00,19.20,17.60,,marutisuzukiindia
10,NON-CURRENT LIABILITIES,,,,,,,marutisuzukiindia
11,Long Term Borrowings,0.00,0.00,2.80,5.40,8.00,,marutisuzukiindia
12,Deferred Tax Liabilities [Net],0.00,0.00,445.40,657.50,613.90,,marutisuzukiindia
13,Other Long Term Liabilities,2609.90,2214.10,2168.70,2175.60,2037.10,,marutisuzukiindia
14,Long Term Provisions,88.40,84.40,44.70,51.60,39.50,,marutisuzukiindia
15,Total Non-Current Liabilities,2698.30,2298.50,2661.60,2890.10,2698.50,,marutisuzukiindia
16,CURRENT LIABILITIES,,,,,,,marutisuzukiindia
17,Short Term Borrowings,1215.80,381.90,488.80,106.30,149.60,,marutisuzukiindia
18,Trade Payables,11785.50,9765.20,10168.10,7498.80,9637.70,,marutisuzukiindia
19,Other Current Liabilities,6143.60,6015.10,4720.80,3019.60,3747.80,,marutisuzukiindia
20,Short Term Provisions,962.40,861.30,742.80,680.70,625.40,,marutisuzukiindia
21,Total Current Liabilities,20107.30,17023.50,16120.50,11305.40,14160.50,,marutisuzukiindia
22,Total Capital And Liabilities,84596.90,74655.50,71282.70,63627.70,63968.70,,marutisuzukiindia
23,ASSETS,,,,,,,marutisuzukiindia
24,NON-CURRENT ASSETS,,,,,,,marutisuzukiindia
25,Tangible Assets,17282.50,13397.30,14764.50,15408.60,14986.20,,marutisuzukiindia
26,Intangible Assets,547.90,349.90,224.20,335.80,451.10,,marutisuzukiindia
27,Capital Work-In-Progress,2815.20,2646.20,1199.30,1344.30,1606.90,,marutisuzukiindia
28,Fixed Assets,20734.50,16683.70,16485.50,17159.60,17044.20,,marutisuzukiindia
29,Non-Current Investments,49184.30,37934.60,34529.10,36269.20,32458.10,,marutisuzukiindia
30,Deferred Tax Assets [Net],279.40,141.10,0.00,0.00,0.00,,marutisuzukiindia
31,Long Term Loans And Advances,0.20,0.20,0.20,0.20,0.20,,marutisuzukiindia
32,Other Non-Current Assets,2782.90,3102.50,1723.60,1758.10,2093.50,,marutisuzukiindia
33,Total Non-Current Assets,72981.30,57862.10,52738.40,55187.10,51596.00,,marutisuzukiindia
34,CURRENT ASSETS,,,,,,,marutisuzukiindia
35,Current Investments,0.00,4100.10,8415.70,1218.80,5045.50,,marutisuzukiindia
36,Inventories,4283.50,3532.30,3049.00,3213.90,3322.60,,marutisuzukiindia
37,Trade Receivables,3301.40,2034.50,1279.90,1977.70,2312.80,,marutisuzukiindia
38,Cash And Cash Equivalents,41.60,3042.20,3047.10,29.00,187.80,,marutisuzukiindia
39,Short Term Loans And Advances,29.70,30.50,23.00,17.00,16.10,,marutisuzukiindia
40,OtherCurrentAssets,3959.40,4053.80,2729.60,1984.20,1487.90,,marutisuzukiindia
41,Total Current Assets,11615.60,16793.40,18544.30,8440.60,12372.70,,marutisuzukiindia
42,Total Assets,84596.90,74655.50,71282.70,63627.70,63968.70,,marutisuzukiindia
43,OTHER ADDITIONAL INFORMATION,,,,,,,marutisuzukiindia
44,"CONTINGENT LIABILITIES, COMMITMENTS",,,,,,,marutisuzukiindia
45,Contingent Liabilities,34446.00,21354.40,15704.30,11232.80,11948.60,,marutisuzukiindia
46,BONUS DETAILS,,,,,,,marutisuzukiindia
47,Bonus Equity Share Capital,0.00,0.00,0.00,0.00,0.00,,marutisuzukiindia
48,NON-CURRENT INVESTMENTS,,,,,,,marutisuzukiindia
49,Non-Current Investments Quoted Market Value,1580.00,1484.10,1132.30,559.80,1077.30,,marutisuzukiindia
50,Non-Current Investments Unquoted Book Value,47648.50,40612.50,33426.60,35650.00,31457.20,,marutisuzukiindia
51,CURRENT INVESTMENTS,,,,,,,marutisuzukiindia
52,Current Investments Quoted Market Value,0.00,0.00,0.00,0.00,0.00,,marutisuzukiindia
53,Current Investments Unquoted Book Value,0.00,4100.10,8415.70,1218.80,5045.50,,marutisuzukiindia
0,Balance Sheet of Max Financial Services (in Rs. Cr.),Mar 23,Mar 22,Mar 21,Mar 20,Mar 19,,maxfinancialservices
1,,12 mths,12 mths,12 mths,12 mths,12 mths,,maxfinancialservices
2,EQUITIES AND LIABILITIES,,,,,,,maxfinancialservices
3,SHAREHOLDER'S FUNDS,,,,,,,maxfinancialservices
4,Equity Share Capital,68.72,69.02,69.02,53.90,53.88,,maxfinancialservices
5,Total Share Capital,68.72,69.02,69.02,53.90,53.88,,maxfinancialservices
6,Reserves and Surplus,3445.88,3865.59,3273.13,2088.38,2005.16,,maxfinancialservices
7,Total Reserves and Surplus,3445.88,3865.59,3273.13,2088.38,2005.16,,maxfinancialservices
8,Total Shareholders Funds,3518.24,3934.61,3342.96,2146.52,2059.03,,maxfinancialservices
9,Minority Interest,450.26,550.30,262.08,672.33,774.06,,maxfinancialservices
10,NON-CURRENT LIABILITIES,,,,,,,maxfinancialservices
11,Long Term Borrowings,520.66,0.00,0.00,0.00,0.00,,maxfinancialservices
12,Deferred Tax Liabilities [Net],0.01,3.82,56.70,0.00,56.51,,maxfinancialservices
13,Other Long Term Liabilities,832.06,830.22,3.32,126.20,62015.66,,maxfinancialservices
14,Long Term Provisions,10.64,12.05,13.16,11.91,2.87,,maxfinancialservices
15,Total Non-Current Liabilities,1363.38,846.09,73.17,138.11,62075.04,,maxfinancialservices
16,CURRENT LIABILITIES,,,,,,,maxfinancialservices
17,Short Term Borrowings,0.00,0.00,0.00,0.00,0.00,,maxfinancialservices
18,Trade Payables,32.50,35.97,39.93,22.77,27.52,,maxfinancialservices
19,Other Current Liabilities,126459.40,112381.58,5.19,353.75,2275.08,,maxfinancialservices
20,Short Term Provisions,0.00,0.00,0.00,0.00,0.00,,maxfinancialservices
21,Total Current Liabilities,126491.90,112417.55,45.11,376.52,2302.60,,maxfinancialservices
22,Total Capital And Liabilities,131823.78,117748.55,98131.61,74526.22,67210.74,,maxfinancialservices
23,ASSETS,,,,,,,maxfinancialservices
24,NON-CURRENT ASSETS,,,,,,,maxfinancialservices
25,Tangible Assets,89.19,91.18,113.51,115.42,30.36,,maxfinancialservices
26,Intangible Assets,0.00,0.00,0.00,0.00,0.09,,maxfinancialservices
27,Capital Work-In-Progress,0.00,0.00,0.00,0.00,0.00,,maxfinancialservices
28,Fixed Assets,89.19,91.18,113.51,115.42,30.45,,maxfinancialservices
29,Non-Current Investments,0.00,0.00,0.00,0.00,0.00,,maxfinancialservices
30,Deferred Tax Assets [Net],3.86,1.30,8.84,9.94,0.00,,maxfinancialservices
31,Long Term Loans And Advances,0.00,0.00,0.00,0.00,0.00,,maxfinancialservices
32,Other Non-Current Assets,1593.28,1356.93,2326.34,2536.32,1240.98,,maxfinancialservices
33,Total Non-Current Assets,2211.58,1974.66,2973.95,3186.93,1796.69,,maxfinancialservices
34,CURRENT ASSETS,,,,,,,maxfinancialservices
35,Current Investments,5430.88,6020.93,4063.05,3372.39,3492.80,,maxfinancialservices
36,Inventories,0.00,0.00,0.00,0.00,0.00,,maxfinancialservices
37,Trade Receivables,0.00,0.00,2.56,3.16,5.50,,maxfinancialservices
38,Cash And Cash Equivalents,1044.46,599.55,508.41,449.11,508.41,,maxfinancialservices
39,Short Term Loans And Advances,0.00,0.00,0.00,0.01,0.07,,maxfinancialservices
40,OtherCurrentAssets,123136.87,109153.41,90583.63,67514.62,61407.26,,maxfinancialservices
41,Total Current Assets,129612.20,115773.89,95157.66,71339.29,65414.05,,maxfinancialservices
42,Total Assets,131823.78,117748.55,98131.61,74526.22,67210.74,,maxfinancialservices
43,OTHER ADDITIONAL INFORMATION,,,,,,,maxfinancialservices
44,"CONTINGENT LIABILITIES, COMMITMENTS",,,,,,,maxfinancialservices
45,Contingent Liabilities,788.06,329.10,334.31,163.98,164.99,,maxfinancialservices
46,BONUS DETAILS,,,,,,,maxfinancialservices
47,Bonus Equity Share Capital,11.53,11.53,11.53,11.53,11.53,,maxfinancialservices
48,NON-CURRENT INVESTMENTS,,,,,,,maxfinancialservices
49,Non-Current Investments Quoted Market Value,0.00,0.00,0.00,0.00,0.00,,maxfinancialservices
50,Non-Current Investments Unquoted Book Value,0.00,0.00,0.00,0.00,0.00,,maxfinancialservices
51,CURRENT INVESTMENTS,,,,,,,maxfinancialservices
52,Current Investments Quoted Market Value,0.00,0.00,0.00,0.00,0.00,,maxfinancialservices
53,Current Investments Unquoted Book Value,5430.88,6020.93,4063.05,3372.39,0.00,,maxfinancialservices
0,Balance Sheet of NMDC (in Rs. Cr.),Mar 23,Mar 22,Mar 21,Mar 20,Mar 19,,nmdc
1,,12 mths,12 mths,12 mths,12 mths,12 mths,,nmdc
2,EQUITIES AND LIABILITIES,,,,,,,nmdc
3,SHAREHOLDER'S FUNDS,,,,,,,nmdc
4,Equity Share Capital,293.07,293.07,293.07,306.19,306.19,,nmdc
5,Total Share Capital,293.07,293.07,293.07,306.19,306.19,,nmdc
6,Reserves and Surplus,22327.76,34693.83,29590.98,27366.88,25737.81,,nmdc
7,Total Reserves and Surplus,22327.76,34693.83,29590.98,27366.88,25737.81,,nmdc
8,Total Shareholders Funds,22620.83,34986.90,29884.05,27673.07,26044.00,,nmdc
9,Minority Interest,14.23,13.45,13.54,8.05,13.89,,nmdc
10,NON-CURRENT LIABILITIES,,,,,,,nmdc
11,Long Term Borrowings,0.00,1668.22,546.43,0.00,0.00,,nmdc
12,Deferred Tax Liabilities [Net],0.00,0.00,0.00,0.00,0.00,,nmdc
13,Other Long Term Liabilities,155.30,156.13,4.70,5.83,0.00,,nmdc
14,Long Term Provisions,1255.99,1092.46,945.41,827.96,768.52,,nmdc
15,Total Non-Current Liabilities,1411.29,2916.81,1496.54,833.79,768.52,,nmdc
16,CURRENT LIABILITIES,,,,,,,nmdc
17,Short Term Borrowings,415.98,1815.13,1448.04,565.57,364.15,,nmdc
18,Trade Payables,425.91,967.53,360.78,225.90,202.79,,nmdc
19,Other Current Liabilities,3235.61,4136.62,3628.29,1765.27,2456.43,,nmdc
20,Short Term Provisions,123.86,15.13,98.56,222.78,41.45,,nmdc
21,Total Current Liabilities,4201.36,6934.41,5535.67,2779.52,3064.82,,nmdc
22,Total Capital And Liabilities,28247.71,44851.57,36929.80,31294.43,29891.23,,nmdc
23,ASSETS,,,,,,,nmdc
24,NON-CURRENT ASSETS,,,,,,,nmdc
25,Tangible Assets,2388.75,4165.13,3320.95,3260.95,3198.51,,nmdc
26,Intangible Assets,715.93,535.73,518.57,454.66,220.01,,nmdc
27,Capital Work-In-Progress,1991.55,18324.52,17106.51,15500.22,13818.90,,nmdc
28,Fixed Assets,5102.72,23030.38,20997.45,19245.47,17237.42,,nmdc
29,Non-Current Investments,934.68,894.95,874.90,910.10,858.87,,nmdc
30,Deferred Tax Assets [Net],297.50,530.95,408.28,397.07,582.73,,nmdc
31,Long Term Loans And Advances,62.62,40.77,259.17,224.38,154.71,,nmdc
32,Other Non-Current Assets,5949.09,4449.80,3695.91,3075.48,2986.32,,nmdc
33,Total Non-Current Assets,12440.50,29040.74,26329.60,23946.39,21913.94,,nmdc
34,CURRENT ASSETS,,,,,,,nmdc
35,Current Investments,0.00,0.00,0.00,0.00,0.00,,nmdc
36,Inventories,2660.58,2164.90,921.72,723.51,666.17,,nmdc
37,Trade Receivables,2656.02,2954.30,2139.89,2223.71,1424.51,,nmdc
38,Cash And Cash Equivalents,7097.75,7978.29,5861.82,2437.46,4619.39,,nmdc
39,Short Term Loans And Advances,0.00,0.00,0.00,0.00,0.00,,nmdc
40,OtherCurrentAssets,3392.86,2713.34,1676.77,1963.36,1267.22,,nmdc
41,Total Current Assets,15807.21,15810.83,10600.20,7348.04,7977.29,,nmdc
42,Total Assets,28247.71,44851.57,36929.80,31294.43,29891.23,,nmdc
43,OTHER ADDITIONAL INFORMATION,,,,,,,nmdc
44,"CONTINGENT LIABILITIES, COMMITMENTS",,,,,,,nmdc
45,Contingent Liabilities,8756.70,11844.86,9854.61,8601.95,9879.21,,nmdc
46,BONUS DETAILS,,,,,,,nmdc
47,Bonus Equity Share Capital,255.79,255.79,255.79,255.79,255.79,,nmdc
48,NON-CURRENT INVESTMENTS,,,,,,,nmdc
49,Non-Current Investments Quoted Market Value,0.00,0.00,0.00,0.00,0.00,,nmdc
50,Non-Current Investments Unquoted Book Value,0.00,0.00,880.15,910.10,856.86,,nmdc
51,CURRENT INVESTMENTS,,,,,,,nmdc
52,Current Investments Quoted Market Value,0.00,0.00,0.00,0.00,0.00,,nmdc
53,Current Investments Unquoted Book Value,0.00,0.00,0.00,0.00,0.00,,nmdc
0,Balance Sheet of Piramal Enterprises (in Rs. Cr.),Mar 23,Mar 22,Mar 21,Mar 20,Mar 19,,piramalenterprises
1,,12 mths,12 mths,12 mths,12 mths,12 mths,,piramalenterprises
2,EQUITIES AND LIABILITIES,,,,,,,piramalenterprises
3,SHAREHOLDER'S FUNDS,,,,,,,piramalenterprises
4,Equity Share Capital,47.73,47.73,45.11,45.11,36.89,,piramalenterprises
5,Total Share Capital,47.73,47.73,45.11,45.11,36.89,,piramalenterprises
6,Reserves and Surplus,31011.29,35441.40,32445.50,28999.13,23823.43,,piramalenterprises
7,Total Reserves and Surplus,31011.29,35441.40,32445.50,28999.13,23823.43,,piramalenterprises
8,Total Shareholders Funds,31059.08,35489.13,32490.61,29044.24,23860.32,,piramalenterprises
9,Minority Interest,0.00,1347.78,1121.00,0.00,9.03,,piramalenterprises
10,NON-CURRENT LIABILITIES,,,,,,,piramalenterprises
11,Long Term Borrowings,29846.17,43778.36,28096.76,20306.25,27033.07,,piramalenterprises
12,Deferred Tax Liabilities [Net],0.00,192.20,222.68,8.22,19.47,,piramalenterprises
13,Other Long Term Liabilities,903.72,319.74,283.05,284.31,192.99,,piramalenterprises
14,Long Term Provisions,122.50,45.82,30.16,65.21,50.96,,piramalenterprises
15,Total Non-Current Liabilities,30872.39,44336.12,28632.65,20663.99,27296.49,,piramalenterprises
16,CURRENT LIABILITIES,,,,,,,piramalenterprises
17,Short Term Borrowings,19537.80,11672.64,3362.45,7949.91,15578.42,,piramalenterprises
18,Trade Payables,399.27,1696.09,1178.39,989.83,960.87,,piramalenterprises
19,Other Current Liabilities,1883.62,5170.18,8640.53,14488.91,14384.08,,piramalenterprises
20,Short Term Provisions,0.00,160.97,165.88,244.35,160.29,,piramalenterprises
21,Total Current Liabilities,21820.69,18699.88,13347.25,23673.00,31083.66,,piramalenterprises
22,Total Capital And Liabilities,83752.16,99872.91,77118.86,74908.58,85613.45,,piramalenterprises
23,ASSETS,,,,,,,piramalenterprises
24,NON-CURRENT ASSETS,,,,,,,piramalenterprises
25,Tangible Assets,2866.71,4972.44,4223.89,2614.55,2417.66,,piramalenterprises
26,Intangible Assets,123.89,2866.33,2522.19,2661.85,2839.86,,piramalenterprises
27,Capital Work-In-Progress,0.00,676.61,400.84,266.12,239.12,,piramalenterprises
28,Fixed Assets,2996.85,9026.80,7381.74,5793.51,5751.24,,piramalenterprises
29,Non-Current Investments,0.00,21974.93,18467.17,16492.40,23299.47,,piramalenterprises
30,Deferred Tax Assets [Net],1847.18,1367.91,937.24,2372.32,4068.45,,piramalenterprises
31,Long Term Loans And Advances,0.00,40339.89,27387.67,31304.48,33613.57,,piramalenterprises
32,Other Non-Current Assets,454.72,1556.21,1963.34,1693.72,680.25,,piramalenterprises
33,Total Non-Current Assets,5570.92,75560.44,57251.44,58795.50,73352.43,,piramalenterprises
34,CURRENT ASSETS,,,,,,,piramalenterprises
35,Current Investments,22331.79,2881.59,3562.09,2950.39,2447.65,,piramalenterprises
36,Inventories,0.00,1533.01,1299.23,1061.17,831.33,,piramalenterprises
37,Trade Receivables,19.40,1621.23,1544.73,1324.39,1403.33,,piramalenterprises
38,Cash And Cash Equivalents,4649.08,7184.75,7024.72,4771.12,918.57,,piramalenterprises
39,Short Term Loans And Advances,46394.63,8978.04,5045.61,4075.79,5171.76,,piramalenterprises
40,OtherCurrentAssets,4786.34,2113.85,1391.04,1930.22,1488.38,,piramalenterprises
41,Total Current Assets,78181.24,24312.47,19867.42,16113.08,12261.02,,piramalenterprises
42,Total Assets,83752.16,99872.91,77118.86,74908.58,85613.45,,piramalenterprises
43,OTHER ADDITIONAL INFORMATION,,,,,,,piramalenterprises
44,"CONTINGENT LIABILITIES, COMMITMENTS",,,,,,,piramalenterprises
45,Contingent Liabilities,1183.64,1293.78,952.28,1090.24,983.93,,piramalenterprises
46,BONUS DETAILS,,,,,,,piramalenterprises
47,Bonus Equity Share Capital,7.82,7.82,7.82,7.82,7.82,,piramalenterprises
48,NON-CURRENT INVESTMENTS,,,,,,,piramalenterprises
49,Non-Current Investments Quoted Market Value,0.00,5120.99,4031.87,3190.85,5420.80,,piramalenterprises
50,Non-Current Investments Unquoted Book Value,0.00,12342.42,10870.16,9977.41,14468.26,,piramalenterprises
51,CURRENT INVESTMENTS,,,,,,,piramalenterprises
52,Current Investments Quoted Market Value,0.00,2484.94,2709.80,1103.15,934.16,,piramalenterprises
53,Current Investments Unquoted Book Value,0.00,449.79,890.90,1949.04,1553.88,,piramalenterprises
0,Balance Sheet of Trent (in Rs. Cr.),Mar 23,Mar 22,Mar 21,Mar 20,Mar 19,,trent
1,,12 mths,12 mths,12 mths,12 mths,12 mths,,trent
2,EQUITIES AND LIABILITIES,,,,,,,trent
3,SHAREHOLDER'S FUNDS,,,,,,,trent
4,Equity Share Capital,35.55,35.55,35.55,35.55,33.23,,trent
5,Total Share Capital,35.55,35.55,35.55,35.55,33.23,,trent
6,Reserves and Surplus,2559.94,2328.45,2277.48,2352.49,1613.28,,trent
7,Total Reserves and Surplus,2559.94,2328.45,2277.48,2352.49,1613.28,,trent
8,Total Shareholders Funds,2595.49,2364.00,2313.03,2388.04,1646.51,,trent
9,Minority Interest,67.48,45.94,44.49,80.26,-2.90,,trent
10,NON-CURRENT LIABILITIES,,,,,,,trent
11,Long Term Borrowings,497.95,497.38,0.00,299.74,299.56,,trent
12,Deferred Tax Liabilities [Net],0.00,0.00,0.00,0.00,25.48,,trent
13,Other Long Term Liabilities,3767.73,4143.99,2600.79,2233.16,0.44,,trent
14,Long Term Provisions,58.90,21.26,13.98,18.21,15.64,,trent
15,Total Non-Current Liabilities,4324.58,4662.63,2614.77,2551.11,341.12,,trent
16,CURRENT LIABILITIES,,,,,,,trent
17,Short Term Borrowings,0.00,0.00,0.00,0.00,94.62,,trent
18,Trade Payables,665.22,378.03,274.57,297.65,244.97,,trent
19,Other Current Liabilities,416.34,265.83,470.42,182.39,228.86,,trent
20,Short Term Provisions,12.42,9.59,6.45,7.23,5.58,,trent
21,Total Current Liabilities,1093.98,653.45,751.44,487.27,574.03,,trent
22,Total Capital And Liabilities,8081.53,7726.02,5723.73,5506.68,2558.76,,trent
23,ASSETS,,,,,,,trent
24,NON-CURRENT ASSETS,,,,,,,trent
25,Tangible Assets,4448.55,4616.99,2987.05,2668.97,593.97,,trent
26,Intangible Assets,51.21,42.53,39.58,42.27,42.06,,trent
27,Capital Work-In-Progress,101.72,104.72,107.98,23.32,87.18,,trent
28,Fixed Assets,4601.48,4764.24,3134.61,2734.56,723.21,,trent
29,Non-Current Investments,564.13,757.39,816.63,735.91,804.13,,trent
30,Deferred Tax Assets [Net],156.05,126.35,114.52,110.40,0.00,,trent
31,Long Term Loans And Advances,1.86,2.13,2.35,2.34,2.27,,trent
32,Other Non-Current Assets,353.04,265.26,225.08,192.82,124.67,,trent
33,Total Non-Current Assets,5703.75,5942.56,4320.38,3803.22,1680.43,,trent
34,CURRENT ASSETS,,,,,,,trent
35,Current Investments,545.74,526.33,670.66,778.87,78.70,,trent
36,Inventories,1361.16,867.78,428.39,607.81,497.01,,trent
37,Trade Receivables,34.39,17.86,20.77,17.12,16.54,,trent
38,Cash And Cash Equivalents,86.30,86.37,81.47,61.41,54.23,,trent
39,Short Term Loans And Advances,17.04,26.44,26.04,85.98,30.33,,trent
40,OtherCurrentAssets,333.15,258.68,176.02,152.27,201.52,,trent
41,Total Current Assets,2377.78,1783.46,1403.35,1703.46,878.33,,trent
42,Total Assets,8081.53,7726.02,5723.73,5506.68,2558.76,,trent
43,OTHER ADDITIONAL INFORMATION,,,,,,,trent
44,"CONTINGENT LIABILITIES, COMMITMENTS",,,,,,,trent
45,Contingent Liabilities,291.64,220.94,205.24,149.09,158.92,,trent
46,BONUS DETAILS,,,,,,,trent
47,Bonus Equity Share Capital,10.88,10.88,10.88,10.88,10.88,,trent
48,NON-CURRENT INVESTMENTS,,,,,,,trent
49,Non-Current Investments Quoted Market Value,0.00,0.00,0.00,0.00,0.00,,trent
50,Non-Current Investments Unquoted Book Value,0.00,733.91,763.11,671.60,728.69,,trent
51,CURRENT INVESTMENTS,,,,,,,trent
52,Current Investments Quoted Market Value,0.00,0.00,0.00,0.00,0.00,,trent
53,Current Investments Unquoted Book Value,0.00,478.09,611.21,768.39,50.00,,trent
0,Balance Sheet of Vedanta (in Rs. Cr.),Mar 23,Mar 22,Mar 21,Mar 20,Mar 19,,vedanta
1,,12 mths,12 mths,12 mths,12 mths,12 mths,,vedanta
2,EQUITIES AND LIABILITIES,,,,,,,vedanta
3,SHAREHOLDER'S FUNDS,,,,,,,vedanta
4,Equity Share Capital,372.00,372.00,372.00,372.00,372.00,,vedanta
5,Total Share Capital,374.00,374.00,374.00,374.00,374.00,,vedanta
6,Reserves and Surplus,39051.00,65011.00,61906.00,54263.00,61925.00,,vedanta
7,Total Reserves and Surplus,39051.00,65011.00,61906.00,54263.00,61925.00,,vedanta
8,Total Shareholders Funds,39425.00,65385.00,62280.00,54637.00,62299.00,,vedanta
9,Minority Interest,10004.00,17321.00,15138.00,17112.00,15227.00,,vedanta
10,NON-CURRENT LIABILITIES,,,,,,,vedanta
11,Long Term Borrowings,43474.00,36203.00,37960.00,36722.00,34719.00,,vedanta
12,Deferred Tax Liabilities [Net],5922.00,4435.00,2215.00,2885.00,4484.00,,vedanta
13,Other Long Term Liabilities,6079.00,6157.00,5848.00,6116.00,6077.00,,vedanta
14,Long Term Provisions,3426.00,3386.00,3132.00,2828.00,2596.00,,vedanta
15,Total Non-Current Liabilities,58901.00,50181.00,49155.00,48551.00,47876.00,,vedanta
16,CURRENT LIABILITIES,,,,,,,vedanta
17,Short Term Borrowings,22706.00,16904.00,11698.00,22021.00,22982.00,,vedanta
18,Trade Payables,24744.00,21531.00,7892.00,8027.00,17352.00,,vedanta
19,Other Current Liabilities,40195.00,26861.00,39181.00,32919.00,35920.00,,vedanta
20,Short Term Provisions,381.00,417.00,353.00,355.00,387.00,,vedanta
21,Total Current Liabilities,88026.00,65713.00,59124.00,63322.00,76641.00,,vedanta
22,Total Capital And Liabilities,196356.00,198600.00,185697.00,183622.00,202043.00,,vedanta
23,ASSETS,,,,,,,vedanta
24,NON-CURRENT ASSETS,,,,,,,vedanta
25,Tangible Assets,93607.00,91990.00,89429.00,88022.00,95515.00,,vedanta
26,Intangible Assets,1976.00,1476.00,1041.00,882.00,882.00,,vedanta
27,Capital Work-In-Progress,17434.00,14230.00,13880.00,16837.00,22236.00,,vedanta
28,Fixed Assets,115273.00,109345.00,106784.00,107489.00,121356.00,,vedanta
29,Non-Current Investments,514.00,151.00,156.00,95.00,4891.00,,vedanta
30,Deferred Tax Assets [Net],8495.00,5085.00,5860.00,6889.00,3475.00,,vedanta
31,Long Term Loans And Advances,10.00,3166.00,5069.00,17.00,20.00,,vedanta
32,Other Non-Current Assets,11557.00,12278.00,11636.00,11612.00,12473.00,,vedanta
33,Total Non-Current Assets,135849.00,130025.00,129505.00,126102.00,142215.00,,vedanta
34,CURRENT ASSETS,,,,,,,vedanta
35,Current Investments,12636.00,17140.00,16504.00,24658.00,28174.00,,vedanta
36,Inventories,15012.00,14313.00,9923.00,11335.00,13198.00,,vedanta
37,Trade Receivables,4014.00,4946.00,3491.00,2697.00,3982.00,,vedanta
38,Cash And Cash Equivalents,9254.00,15592.00,16629.00,12502.00,8369.00,,vedanta
39,Short Term Loans And Advances,3760.00,2304.00,2019.00,85.00,82.00,,vedanta
40,OtherCurrentAssets,15831.00,14280.00,7626.00,6243.00,6023.00,,vedanta
41,Total Current Assets,60507.00,68575.00,56192.00,57520.00,59828.00,,vedanta
42,Total Assets,196356.00,198600.00,185697.00,183622.00,202043.00,,vedanta
43,OTHER ADDITIONAL INFORMATION,,,,,,,vedanta
44,"CONTINGENT LIABILITIES, COMMITMENTS",,,,,,,vedanta
45,Contingent Liabilities,36080.00,31036.00,33352.00,31278.00,68024.00,,vedanta
46,BONUS DETAILS,,,,,,,vedanta
47,Bonus Equity Share Capital,68.52,68.52,68.52,68.52,68.52,,vedanta
48,NON-CURRENT INVESTMENTS,,,,,,,vedanta
49,Non-Current Investments Quoted Market Value,253.00,137.00,143.00,81.00,104.00,,vedanta
50,Non-Current Investments Unquoted Book Value,263.00,16.00,18.00,19.00,4792.00,,vedanta
51,CURRENT INVESTMENTS,,,,,,,vedanta
52,Current Investments Quoted Market Value,8073.00,9933.00,10186.00,17061.00,21791.00,,vedanta
53,Current Investments Unquoted Book Value,4563.00,7207.00,6318.00,7597.00,6383.00,,vedanta
